bdba9390,colorDetailMap0
a7527356,characterNormalMap0
1efd70aa,colorRemapMap0
f0ad126a,floatZ0
de36d64,edgeEmissiveMap0
cfe18444,revealMap1
7176bf2,aoMap0
4c094d3e,irisTexture0
74589f70,diamondMask0
2335512a,thicknessMap0
8e423224,Micro_ColorMap0
9294363b,pantherVagTexture0
a172c0e8,ui3dSampler_C4_P00
fb28d076,image10
d2866322,specularMap1
b6f4dfa4,Micro_1_NormalMap0
665a1b6d,scanlineMap0
1a50a61f,Rim_Color_Mask0
bc83639b,LightDamange0
6001f931,occlusionMap0
de89da4b,TickMarkMaterial0
571a62f8,lightmapSecondary0
11594eb2,SpecularAndGloss20
2505c19c,terrainScorchTexture2
4a4c18ba,baseLut2DSampler0
cbf21cfe,extracamTexture40
6f666e95,codeTexture0_C4_P00
5e5425b9,FutureMap0
4e22bbb3,rivuletRevealTexture0
2563ea9c,metalFlakeMaskMap0
faf906c4,gridTextureC0
5f77d83e,Noise_Texture0
d62467fc,Blip_Mask0
fe9ccae3,codeTexture10
b5440557,SpecularGlossMap0
83f6b06f,floatZSampler_C2_P00
e566b554,cloudMask10
18b53a72,Thermal_Gradient0
f92fe655,uvRevealTexture0
b76efee4,StaticMap0
76050a8e,lut3DSampler0
f793a932,cinematicA0
a6dbaabd,blurMask0
f11f84fa,lightmapSamplerPrimary0
e02315b5,specularMapSampler2
e035c04,PostEffect0_Sampler_C3_P00
77b022d7,colorMap2D0
dd6a264b,Layer4Map0
4e07583b,transColorMap0
648418b9,lightsSampler0
95df2a73,detailNormal10
369deac6,colorMapSampler3
9434aeda,normalMap5
a1712d0d,ui3dSampler_C1_P00
199a03d3,tintMask0
c089ac15,emissiveMap20
740fe37f,fontCache0
dd80d4fe,LayerAMap0
d28c20cc,Specular_Map0
738502a8,WarpMap0
c6cae542,ColorTexture0
1aca7f0e,normalMapHi0
a9714557,BlockNoise0
1aca7e8c,normalMapLo0
6f645f19,codeTexture0_C8_P00
ccf4c850,foamBase0
7389ac64,heatmap0
b7a07713,colorDetailTexture0
e567eadc,ResolvedPostSun__C11_P00
d24d8ba6,cinematicCbSampler0
437d608,Thermal_Map0
2e736aca,PaintMaskMap0
a5adf45,colorMapPostSunSampler0
acdd2f6,shadowCookieSampler0
1d21496f,postEffect0_C3_P00
d568578a,Micro_1_ColorMap0
9c4c1944,Normal_MapSampler0
4429a80,mixMap0
d5058185,octogonMask0
cb13f18c,normalTexture0
e625304,fireMap0
3e013f6c,faceTexture20
55a604de,detailMap30
1d23d48c,postEffect0_C0_P00
963f9fcd,reflectionProbe0
e4b9bf3b,Heat_Map0
f12b5f40,pulseTexture0
775267a,lut3D0
e02315b4,specularMapSampler3
5032dbe0,alphaMask0
fd0f7430,PostEffect0__C3_P00
5bdf2d54,distortionTexture0
b55f9aa9,colorSampler0
d2866326,specularMap5
4ed66430,specularMapDetail20
a96fdb44,crackMap0
f956ee59,SunShadowState0
77b50536,bloodMotesMap0
12522638,PaintGradientMap0
bae92e67,normalSwatch2Map0
50108d4d,camoDetailMap0
8ad0a39b,metalFlakeNormalMap0
3ea6cd5,SpriteMap0
70de0f82,edgeColorMap0
dd813fdd,LayerBMap0
3c19872,washTexture0
942cbff0,Normal_Map0
71009794,subLayerMultiplyTexture0
c664d6e2,shadowmapSpot0
369deac7,colorMapSampler2
b9fbb4e3,ThermalMapMask0
7ba48290,heightMap3
4c596633,flagRippleDetailMap0
6d8bc75e,NormalDetailMap0
62f1f09a,displacementMap1
6f691b32,codeTexture0_C3_P00
53a3fce2,flickerLookupMap0
ad1d0190,Grain_Map0
b1b4e3d7,distortionMap0
5b5a3a4c,sonarDepth0
f5095ea4,resolvedPostSun_C34_P00
f793a92a,cinematicY0
e007460c,characterRevealMap0
d657ab6e,PlusTile0
dd64dd0d,Layer2Map0
9d55edbb,GridTextureMap0
73502222,noiseMap0
d0b6910f,lut2DSampler0
dc0af62d,SunShadowSamplerState0
9434aedb,normalMap4
d2866327,specularMap4
6d0a6c98,glossMap0
e51139e8,terrainScorchTextureSampler2
6f634657,codeTexture0_C6_P00
3d4f14,Mask0
fe195021,noiseTexture0
b39189a,Surface_Normal_Map0
a301628,alphaMap0
ce4c3259,CausticsPadded0
4965ce46,clothcharrNormalMap_0
c67d666e,shadowMaskMap0
1436343a,heatLookup0
634eaeb8,ResolvedPostSun_Sampler_C0_P00
b2ba2d9e,Normal_Detail_Map0
fa899a2a,CS_Z_buffer0
3e2c14,Tile0
e98a255d,AddMap0
a061a3bc,clothcharrColorMap_Sampler0
ea61e055,colorMapSampler0
29b553e4,widgetMap40
a939e009,refractMap0
9e2b786e,C004_File0
d8bd9cd3,decalMap0
a60fe460,uvOffsetDetailTexture0
3fa0721a,twinkleMap0
6ff1a565,occlusionMapSampler0
55a04772,Detail_Map0
7eaf2270,Lookup20
46fe0e6e,baseTintMap0
cfe18447,revealMap2
4ed66431,specularMapDetail30
c807c8e9,colorSwatch2Map0
cab2f6a7,Micro_2_NormalMap0
b34b914b,minimapMask0
a5c3d7d,skyMap0
7ba48291,heightMap2
22af54f6,PostEffect1__C4_P00
694ea210,outdoorMapSampler0
996bd23d,irisMap0
fe9ccae0,codeTexture20
264f0732,DiffuseMap0
5b09223c,sonarColor0
e51139ea,terrainScorchTextureSampler0
959eab8,Static0
ae7c5c1a,HexagonPattern0
3e013f6f,faceTexture10
ab07d475,transNormalMap0
ef281e15,micro_normal_map0
915cfa1,clothcharrMaskMap_0
13a78442,Macro_NormalMap0
d2866320,specularMap3
d29bfa97,radiantDiffuseMap0
4c425312,subLayerBase0
50da1de9,specHighlightMap0
c9b203a6,BlankScreen0
ac16cc94,Wireframe0
e86f76d9,specColorMapThick0
2be0b688,clothcharrColorMap_0
338272bc,alphaMaskMap0
817a829b,wormMap0
9d8a8da9,Micro_2_ColorMap0
69d4e61b,spaceTexture0
a096a5c9,SpotShadowState0
cd5e4513,Cycle_Map0
6663034a,noDamage0
dd64512e,Layer1Map0
7c986ad5,CausticsMap0
c60ea8f4,eyeballSphereMap_Sampler0
1bb49,EKG0
4b87db55,lightDamage0
85511979,resolvedScene_C4_P00
439044d6,revealTexture0
813b3ff,Smoke0
62f1f09f,displacementMap4
7ef460a8,blockNoiseTexture0
ed0a4f83,Macro_AO_Mix_Map0
34d849d5,revealMap0
e700765e,LookupMap0
f12ff2ce,DpadTexture0
2505c19e,terrainScorchTexture0
cdf5594e,rivuletWarpTexture0
ed3eba0a,normalMapSampler1
df1738fd,BackgroundGlow0
a0ab1041,colorMap0
c713d67f,subLayerMultiplySampler0
29b553e3,widgetMap30
9637d74c,Reflection_Mask0
caa881a4,outdoorMap0
e24dfdd1,Scanline0
49f0da7f,distortMap0
5c800242,smaaMap0
9ccac6e6,subLayerBaseSampler0
d1bf35c4,emissiveMapLo0
d2866321,specularMap2
6520eb80,heatmapSampler_C3_P00
b60d18e9,colorMask0
e7c300a7,specularMapSampler0
428a7a62,PostEffect1_Sampler_C4_P00
b607c0fe,Color_Map0
5c35d619,ZBuffer_Map0
e5faa87,gloss_map0
b60d1852,colorMap3
997a5788,sonarColorSampler0
f4b6f06d,lights0
e0ed8461,refractSampler0
f039ec2d,diffuse_map0
e3c58d6c,highlightMap0
5b80a2da,rawFloatZSampler0
d78ec38e,hexagonMap0
178c4c1e,clothcharrMaskMap0
61baffaf,Rim_Occlusion_Mask0
273482b9,edgeFadeMap0
7807a9,skyMapSampler0
e2aa34c0,DayMap0
c80b7d0a,colorSwatch1Map0
5265433e,sparkleDataMap0
cfe18446,revealMap3
12b6046f,aberrationMask0
82a61f22,YUV_Image0
7cf86be,Noise0
6bde2608,GrimeMap0
656e3ed1,specSwatch2Map0
86d2b3,occMap0
fe9ccae2,codeTexture00
4e82bd61,rColorRamp0
1f5540d,Rim_Specular_Mask0
f9732228,customReflectionMap0
64343db8,characterColorMap0
9f5677b5,refract0
8c297e80,SpecularAndGloss0
1cdabfa4,colorDetailMapSampler0
8c95eab1,mixMap10
3bc850ed,Weapon_Normal_Map0
7ba48296,heightMap5
cbf21cf9,extracamTexture30
ed590d65,hudMap0
49ae1359,reflectionProbeSampler0
32f87f8,floatZSampler_C63_P00
39ec02d7,crackNormalMap0
78e16450,heatmapSampler0
9a97e4b1,customizeMask0
589c508e,ScrollTextureMap0
e9817f0d,perceptualRoughnessMap
8c22e816,coneLUTMap0
6c246337,underFfuseMap0
cc202075,GreyMap0
e566b555,cloudMask00
80951343,colorMapDetail30
bddf991,Weapon_Specular_Map0
2be9af4,BaseColorMap0
fabdfa1a,FadeMap0
ad6649b6,cinematicCrSampler0
8c128212,LineMap0
a7760e44,Reflection_Map0
389dd40f,thermalHeatmap0
77f67259,Overlay_Map0
62f1f098,displacementMap3
56b697ba,glossMapDetail30
faf906c5,gridTextureB0
8389eaf0,PieChart0
81054c3a,ditherMap0
59d9fbdc,Layer3Map_Off0
1e0097c9,postEffect1_C4_P00
aa6d57d,source0
ccce5908,ResolvedPostSun_Sampler_C11_P00
4cda7e01,tintMask20
1dcb003f,meltNormalMap0
d6b59e75,emissiveFlowMap0
1aca8a8e,normalMap010
c1ef31a8,veinMap0
44341ed2,ScrollTexture0
95b48ae5,meltRevealMap0
1b2c29ae,rawFloatZ0
c0f0bf5f,normalBodyMap0
e132b73e,Screenshot20
f0c51932,clothcharrNormalMap_Sampler0
9cd45be1,extraCamSampler0
baead204,normalSwatch1Map0
dd65596c,Layer3Map0
55a604dc,detailMap10
6fb3cfcf,lightningTexture0
d1bf3646,emissiveMapHi0
9a8739af,transRevealMap0
503dad2e,SparkleMap0
d37dcdd7,Specular_Gloss_Map0
3aaebd85,modelLightingSampler0
3a66c19a,lightmapSecondaryB0
2177c7b4,lensFlareMap0
8875ee6,breakUpMap0
1de8cdac,cavityMap0
3c7ff2c6,shadowmapSamplerSun0
67098a9b,controlMap0
b093c838,dlightAttenuation0
ec84e459,scubaTexture0
fb28d074,image30
639df8eb,subLayerMultiply0
e132b738,Screenshot40
c8486102,shadowCookie0
758617d,Ember0
e57ffaa,glossMap20
8b4b7df2,resolvedPostSun_C1_P00
2e0a319f,ui3dSampler0
b1e021df,shoreMap0
6032a9d6,WelcomeToNuketown0
d4a24996,detailNormalMask0
797f4f5c,outlineMap0
775265b,lut2D0
369deac4,colorMapSampler1
29b553e2,widgetMap20
b60d1850,colorMap1
95df2a76,detailNormal40
77151208,camoMaskMap0
1055275d,lookupTexture0
ec443804,specColorMap0
120e7a31,uvOffsetTexture0
e132b73f,Screenshot30
fbfd3a43,heightMap0
c089ac14,emissiveMap30
189a3417,clothcharrColorMap0
d2b84a3e,stencilSampler0
55a604df,detailMap20
1cd5b066,randomTextureB0
ed3eba08,normalMapSampler3
656dd3f2,specSwatch1Map0
a41c9b9f,styleMaskMap0
34ecccb3,specularMap0
fb28d077,image00
88007abf,missileCamSampler0
8fae02b,warpTexture0
973d1967,staticTexture0
29b553e1,widgetMap10
7e586b19,clothcharrNormalMap0
7b63364d,subLayerBaseTexture0
2c6e5942,attenuation0
79c6367,Image0
3178feab,Micro1SpecularAndGloss0
6cc85b10,Glow_Map0
1b768248,glossBodyMap0
7ba48297,heightMap4
e55690f3,glossSwatch1Map0
a52c26b4,specOcclusionMap0
75cd4b2,spaceAnusTexture0
7e6df0d,Camo_Detail_Map0
de799f3c,warpMaskMap0
48d1074b,displacementMap0
1aca8a8f,normalMap000
9434aedc,normalMap3
3cea479a,sonarColorSampler_C1_P00
e5583490,glossSwatch2Map0
faf906c6,gridTextureA0
d0e2dedb,normalMapSampler0
9e7ba008,maskMap0
8f9cad22,cloudLayer00
d28662db,specularMask0
855022bf,resolvedScene_C2_P00
9434aede,normalMap1
d2eeeeb8,FontTextutre0
df395c72,shadowmapSun0
8ffb4da8,Micro2SpecularAndGloss0
77b02241,colorMap000
e00d0e7,PostEffect0_Sampler_C0_P00
1782de2,transGlossMap0
d64ab278,sonarDepthSampler0
9434aedd,normalMap2
1cd5b065,randomTextureA0
7c86392d,sparkleTexture0
892e3b8b,maskTexture0
eb529b4d,detailMap0
6f3307d,color0
cbf21cfb,extracamTexture10
530e7ace,baseLut2D0
2a6c8c86,OverlayMap0
ed3eba09,normalMapSampler2
fb28d075,image20
6dfcc8d5,compressNormal0
344b9cca,stencil0
961141f1,offsetMap0
3b10e0c6,cinematicASampler0
41d8cb,ui3d0
b960faec,ResolvedPostSun__C0_P00
af4b0c2e,Specular_Color_Map0
62f1f099,displacementMap2
cfe18441,revealMap4
2ead673e,Welcome_To0
f3eabe73,imageSampler0
8b49feda,WaterNormalMap0
a4af0cde,Micro_Emissive0
80951342,colorMapDetail20
776cdea4,OverlayNoise0
9a0936a8,C002_File0
fd0ce893,PostEffect0__C0_P00
4cda7e02,tintMask10
f4e39943,resolvedPostSun_C11_P00
d0f61c30,emissiveRemap0
4ce76d51,colorMapPostSun0
ea08cf42,cinematicCr0
e132b73d,Screenshot10
6fb66f22,velveteenMask0
51cf2f85,BlurredTexture0
7ba48292,heightMap1
6519a44a,heatmapSampler_C9_P00
62f1f09e,displacementMap5
b17777ac,CompassMap0
f79c1c0e,rippleMap0
56b697bb,glossMapDetail20
c089ac16,emissiveMap10
721d7116,Vignette0
95df2a70,detailNormal20
412e7554,ResolvedScene_Sampler_C2_P00
e02315b6,specularMapSampler1
d90f4dc7,GridTexture0
ea0aa86d,ao_map0
b60d1855,colorMap4
552b7511,modelLighting0
9d75fbbd,SpotShadowSamplerState0
95df2a71,detailNormal30
e8515e3f,distortionMask0
f7bbc34a,Micro_NormalMap0
be8b269c,sceneLookup0
faf906c3,gridTextureD0
5a9a5201,blurMaskMap0
b598dff4,revealTextureB0
48ff11ae,Diffuse0
b60d1854,colorMap5
ee97a158,clearcoatGlossMap0
2b6d0f80,ResolvedScene__C2_P00
ea08cf52,cinematicCb0
c99be9f5,clothcharrMaskMap_Sampler0
56ff7aca,vignetteMap0
f452e202,Lookup0
cbf21cf8,extracamTexture20
888c421d,macro_normal_map0
1f9a0a6e,lightmapSamplerSecondaryB0
59d30d0f,normalMap0
fc80f332,bentNormalMap0
ed1a46a7,occMapSampler0
661b41c3,PaintColorMap0
28ec93b6,attenuationSampler0
25d709f9,Diffuse_MapSampler0
da726d6c,Hologram_Diffuse0
c408965c,stretchNormal0
4969081a,Static_Noise_Map0
34614347,emissiveMap0
f5276b0b,transitionGloss0
f578d0c,dlightAttenuationSampler0
1cd5b067,randomTextureC0
6592a6e,flowMap0
86b4349e,floatZSampler0
a3231ed9,detailMapSampler0
a6f70e30,durdenMap0
cfed92ea,Reveal_Map0
8f9cad23,cloudLayer10
9783e4cd,wobbleMap0
864ea29c,transitionNormal0
b60d1853,colorMap2
183af88c,lightmapSamplerSecondary0
79d98440,eyeballSphereMap_0
3d3e13,Mesh0
b02e0ccf,Heart_Rate_Image0
cc7e5716,shadowmapSamplerSpot0
ae5c4c5,treadHeightMap0
e51139eb,terrainScorchTextureSampler1
c089abaf,emissiveMask0
511b2ae1,transitionDiffuse0
7c73d0d6,Macro_Emissive0
f7c2db12,tintBlendMask0
cfe18440,revealMap5
c604acdb,Puddle_MapSampler0
a5a645ab,missileCam0
771701de,cinematicYSampler0
2778f04e,lightmapPrimary0
29b553e5,widgetMap50
2505c19f,terrainScorchTexture1
8515A78F,Roughness_Map0
77FB11CF,PerSceneConsts0
41A7C0C9,dlights0
90A04824,PerObjectConsts0
F353D49C,$Globals0
292B1CFB,EmberGlow_Reveal_Map0
D79D71FE,Ember_Map0
FB8B2924,Input20
FB8B2927,Input10
380F13,Glow0
54584FB9,Detail_Swatch_20
54584FBA,Detail_Swatch_10
634C9F3C,ResolvedPostSun_Sampler_C4_P00
52BD8CA8,baseColor0
