d4f6818e,diffuseFilter0
398d3c06,clothcharrMaskMapScale0
4fd6eb44,Layer3Rotation0
9092abc4,waterColorDeepDelta0
d67ba66f,GlossGlancingAmount0
e887d68c,waterColorShallowScatter0
7afcf7c,Layer2Offset0
4f7d1478,Overlay_Color0
5e721345,scriptVector30
796b954c,EdgeIntensity0
c4bc982d,depthFromClip0
a66c7bdc,ui3dUVSetup30
77857f99,sunFogDir0
ff000eae,Normal_Variance_Scale0
e66eabea,dlightSpotMatrix3
b837647,dynamicFoliageFlexibility0
8ff7c18d,dofLerpDownBias0
6f50ca0b,MinFlickerColor0
330aae1,LineIntensity0
e6ca89be,particleCloudMatrix0
502e0fb2,alphaFade0
9b5b8920,PulseInterval0
49a7abfa,Outline_Lookup_Scale0
6d841462,DancerColor0
7793a249,colorTint3
173ad029,grassParms0
fd6c8e24,lightingLookupScale0
70ebaf95,uvAnimParms0
9b946e29,inverseWorldMatrix0
da528085,Gloss_Push0
7bc60ff,Power0
eb1e2c87,emissiveParams0
18b021ad,Tighten0
a66c7bdd,ui3dUVSetup20
b198186,customReflectionProbeScale0
5db5d34f,LayerAScroll0
1c5aee1d,Layer3Scroll0
b47cf4c9,normalScaleLoHi0
9e11408a,puddleShaderParams30
174d9ac0,Dbg_Frm_Amt0
b6006d1e,displacementParms4
1b6f33c3,ScatterSize0
a66c7bde,ui3dUVSetup10
5e721343,scriptVector50
23be17d2,SpecularColor0
1b865,FPS0
aa2e7c4f,oceanMiscParms0
64ac98f9,Noise_Scale0
af73ec2b,bloomParams4
f5e32317,treeCanopyScatterColor0
434d37,Zoom0
bf0b42e5,filterTap0
5fccb147,Fill_Direction20
c69dca5c,Layer2Scroll0
3c5b3bf9,Diffuse_Normal_Height_Facing0
557d6789,diffuseControl0
87b4edb2,dustEyeParms0
9975e8e3,WaterSpeed10
bd748e8e,waterColorF0
e99afbd1,Layer2OffsetBobbleSpeedAndSize0
eaea4a64,Layer2ScaleBobbleSpeedAndSize0
e27483cf,scaleRGB0
5a988a05,Layer2Rotation0
c96d655c,Layer2Depth0
2359e2cf,VelocityScale0
7793a248,colorTint2
259b0793,EdgeHighlight0
e8a62bf0,depthBlendParams0
183d3cc1,decalParams20
b60c3b3a,colorTint0
294b7a05,World_Scale0
749bf61c,GlowIntensity0
ef311d,Micro_Scale0
ec15f126,OverallBrightness0
cbc5b13e,__characterCharredAmount0
171c6ff8,grassForce10
b240dbb0,Heart_Rate_Scale0
3104fd9d,scaleRGB2
966242c7,Layer1ScaleBobbleSpeedAndSize0
87be4c66,NoiseScale0
33f12822,Detail_Amount0
5e721346,scriptVector00
7d89eed8,NumFrames0
b2953f07,parallaxParams0
bd748e86,waterColorN0
42fdef4,glightBlues0
c5e8256a,Layer1Scale0
18f2cb6d,AngularVelocityScale0
ca1076e5,flagWave1Parms0
cc4efde,weaponParam30
1f32ca52,Macro_Height0
f7216ff,lightFalloffPlacement0
c6ea3186,Layer1Alpha0
a7761ec0,Reflection_Amt0
112560b0,Hightlight_1_Size0
5503b3ec,AlphaScale0
e4da07c0,Glow_Amount0
c4059c7,cloudsUVMul20
e117af34,Hardness0
55b06e0f,SparkleColor0
50b9df4,CausticsColor0
b093c838,dlightAttenuation0
96396f71,Reflection_Blur0
1d4b3f7,MinVelocityFraction0
674cd0f3,WarpSpeed0
530f3f52,clothBrdfParams0
96812591,lightSpecular0
46760c3f,Puddle0_Params0
c54fad97,spotShadowmapPixelAdjust0
c80f3595,MomentumColor0
6893b3c6,Paint_Map_Scale0
ba18d0db,shadowParms0
65e82f36,sandParams20
8e11a06,sunFog0
540209e2,PulseColor0
8147ad2d,treeCanopySwayParms0
a7d656a7,waterControlVar00
aded5c8d,Layer2OffsetBobbleDelay0
2fcf8cd9,absorptionScale0
d03c935a,Emissive_Push0
84246dc5,Player_Color_Multiplier0
8b234c7,sunSpecular0
66c0a96b,cloudsFeather0
560899,worldMatrix0
c6e578af,softDiffuseParms2
f613cb37,viewportDimensions0
3b67a098,Emissive_Amount_Off0
ec8cea71,Font_Color0
3316dd16,Min_Player_Intensity0
f43296b7,inverseTransposeWorldViewMatrix0
e598f1fb,SparkleBrightness0
7231f225,Pulse_Lookup_Scale0
9bbe30fb,DarkenAmount0
a66c7bdb,ui3dUVSetup40
c2d1da55,EmissiveAmountBright0
1a20bea,waterHiNormalScroll0
1963b944,revealParams1
e9ccd914,Flicker_Seed0
f6410f67,Ember_Direction0
6b1da6fa,falloffEndColor0
90073bd9,lightSpotDir0
388de865,uvSubLayerMultiplyScroll0
c4059c4,cloudsUVMul10
437ffa99,LayerBScale0
50ec75ed,Dbg_Sharpness0
11da1de2,DispersionShift0
6c8d0f3b,shadowmapPolygonOffset0
c4026db,cloudsUVMad20
a9ec8db0,lightDiffuse0
bfc5153,Exposure0
cc4efdc,weaponParam10
f0315304,MinResolution0
1fdfdd36,viewMatrix0
28ae85ef,DispersionCutoff0
382b58,Grid0
d129d1ec,crossFadeAlpha0
cbec6739,FlickerLookupSpeed0
47f96860,DDXScale0
bac08d41,Char_Width0
4d47d682,LineAmount0
295d5ff6,skyBoxCloudWeights0
4b6fe0ca,SparkleDensity0
bdde5cf5,falloffParms0
f37b6913,distortionScale0
2340ab1b,detailScale20
74b3cd8,flowMapConsts0
1f34062,glightFallOffs0
bb601859,bakedAOAttenuationParams0
c4026d8,cloudsUVMad10
bd22162d,FalloffBoost0
3d05a1f2,falloffBeginColor0
f816b016,dlightShadowLookupMatrix3
cb5dca65,Heart_Rate_Offset0
f816b015,dlightShadowLookupMatrix0
f816b017,dlightShadowLookupMatrix2
b97324f,colorTintBase0
332b4b03,Dimensions0
651f483b,SparkleSpecAmount0
1671cc96,SparkleFacing0
d040c098,Layer2ScaleBobbleDelay0
cc4efda,weaponParam70
847890b1,dustTint0
6cc2a754,GlowTint0
6e971968,waterLoNormalScroll0
b1921c6a,Crop_Left0
16241195,MaxFlickerColor0
5e721340,scriptVector60
503a914,glowSetup0
6532d72,GradientMax0
c728b4a7,waterNormalPositionScale0
2ddf50e9,Flicker_Min0
3d8b5474,StaticAmount0
87c34e79,NoiseSpeed0
c241d4d3,BackgroundColor0
1f3582cd,Ember_Intensity0
af73ec2a,bloomParams5
88ea9fb1,ColorAmount0
2cc3720f,whiteWaterColor0
5d4faa26,micro_normal_intensity0
e66eabe9,dlightSpotMatrix0
3e4eef5e,oceanFoamColor0
2b410fde,Puddle1_Params0
cb9e653d,Layer3Depth0
5e721342,scriptVector40
84f54d70,Velocity_Amt0
7d8cdef0,Micro_2_Scale0
77cf3505,ColorScale0
882a7ef1,Midlayer_Depth0
1252252e,PaintGradientMin0
b5bae55a,Layer4Scroll0
175f5a01,maskUvAnimParms0
6702f5b0,FlickerAmount0
1a5c5e84,sandParams0
9975e8e0,WaterSpeed20
5e721341,scriptVector70
9cc05a63,Seed_Value0
134cd3cc,waterNormalScrollSpeed0
3ece14fe,oceanSpecParms0
d694a296,materialColor0
e559402c,Color10
334bb3c,glightPosZs0
7793a24f,colorTint5
83bbfb96,Detail_Normal_Tile0
ab6a7e28,Emissive_Amount0
8d04ba86,MaxPulseDepth0
e262b2,hdrAmount0
5b4366e9,Pulse_Color_Multiplier0
50a7fdf1,dynamicFoliageSunDiffuseMinMax3
7f661409,worldViewProjectionMatrix0
deb7cd8f,Layer4Scale0
7078cb46,Layer1Rotation0
97dc3e1c,WaterScale10
b35b3d54,CapWidth0
3d0536cb,flowMapPeriod0
2340ab1d,detailScale40
9f734e4d,waterGroundColor0
3ccffe8b,ReflectionAmount0
7db4244f,dofEquationScene0
64b80bd3,FlareIntensity0
32d93263,dlightPosition0
171c6ff9,grassForce00
cda4e4e6,EdgeSize0
a7d656a6,waterControlVar10
74ea189c,uvSubLayerBaseScroll0
dcdaf856,LineScale0
cc0b8615,motionblurDirectionAndMagnitude0
c3071a06,Layer1Origin0
2c822884,Glow_Falloff0
1c675809,Player_Lookup_Scale0
bc26f4d6,oceanShorelineParms0
398b94b6,Thickness0
d5774065,BlurAmount0
742946aa,waterColorShallow0
5016d58a,PulseTime0
9d72630b,FeatherKill0
ab81a931,AspectRatio0
ec692b37,lightFallOffA0
88befc33,alphaRevealParms3
9ea65518,lightSpotFactors0
ae2eab68,DarkenPower0
e24bcdd1,Crop_Right0
54ab62d7,OuterGlowColor0
9cea01c1,Row_Chars_0
cc4efdf,weaponParam20
ba177021,whiteWaterNoiseScroll0
a0237f57,Cycle_Scale0
8652a6db,Layer1ScaleBobbleDelay0
cb4e41c4,Layer3Alpha0
4aa8347,lightPosition0
d6278149,hdrControl0
D6278148,hdrControl1
2c0c19f2,dlightFallOff0
f8fb2566,u_customWindCenter0
9ea1a764,normalUVcontrol30
bb9b7d28,WaterRefraction0
1963b940,revealParams5
b4059031,treeCanopyParms0
6456ee8c,ScanlineColor0
4c39de9d,TearPower0
e0473be3,Layer4Alpha0
fd05757c,dlightSpotFactors0
3104fd9c,scaleRGB3
4cbd13d4,eyeOffset0
ad91d6d5,Fill_Direction0
d8f73149,TearMultiplier0
e6edea93,emissiveRemapUV0
a66c7bdf,ui3dUVSetup00
2af38799,HeatmapColor0
29cdfd82,Reticle_Color0
2e12415a,noiseUVControl0
1818f373,Micro_1_Scale0
5800d001,DDYScale0
886faa58,sssTransmittanceParams0
9ea1a767,normalUVcontrol00
dde1493e,NegativeColor0
e4b0287a,Layer4Offset0
833e0e78,particleCloudColor0
8db6ea2c,dofLerpDownScale0
e4ff113a,SparkleFalloff0
4ffc0fc4,Dbg_Env_Amt0
4012233f,SpecGloss_Map_Size_Scale0
c4c2cea8,micro_normal_intesity0
62f4991,CausticsScale0
6f8a4844,colorObjMinBaseBlend0
7d86eb7c,resizeParams20
d01b1706,subLayerMultiplyScroll0
e4d80800,marksHitNormal0
cc4efdd,weaponParam00
9e114088,puddleShaderParams10
6532c6c,GradientMin0
cdf62670,DancerIntensity0
d7dfd468,EdgeHarshness0
215d6223,Color_Map_Size_Scale0
87a3cc01,NoisePower0
4d0efd9e,ScanlineIntensity0
483fc932,controlVar00
63375236,ScanlineSpeed0
596966cf,framebufferRead0
259a183e,treeCanopyLightingAmount0
334bb7e,glightPosXs0
c25308dc,lightAttenuation0
79a56b94,clothcharrEmberColorAndBrightness0
4c53b0ff,whiteWaterMaskScale010
2b7cb576,micro_tile_amt0
483fc933,controlVar10
e8d20b99,glightReds0
2d1a2bf4,oceanBumpValues0
bf8fab1a,Crop_Top0
c73e96ff,Layer1Depth0
9c3169aa,ScatterAmount0
8c67ded5,revealParams0
c37bb0bf,shadowLookupMatrix0
8561d043,EdgeMinDist0
e30c16db,uvScale0
2c0e4cd,grassWindForce00
d1bd86b3,fogColor0
4dc22c8c,Roughness0
a5ba12ca,whiteWaterMaskScroll230
fb3f4648,GlossAmount0
964c518c,TearLookupMaxX0
a8cd1103,SpecularAmount0
cc4efd8,weaponParam50
e66eabe8,dlightSpotMatrix1
f0cc306d,envMapParms1
ee18975f,Color_Map_Noise0
3c0a0972,EmissiveBrightness0
95249dd3,occlusionAmount2
9a158c49,waterParams0
9a7bf511,sunPosition0
f0cc3068,envMapParms4
79d71f38,WarpAmount0
95249dd0,occlusionAmount1
334ba9f,glightPosYs0
4ff85e84,grassForce0Ex0
3316b7c6,FlickerLookupX0
f0cc3069,envMapParms5
ca1d014,Reflection_Amount0
18cb78d2,oceanFarMapParms0
f816b014,dlightShadowLookupMatrix1
b6006d1f,displacementParms5
edc6c2b2,variantWindSpring0
9845f9ed,BaseTexColorAmount0
7a6eeae9,waterSkyColor0
d31e539f,dofRowDelta0
d67fd9e8,Highlight_1_Brightness0
9d96c5c9,debugPerformance0
3104fd9e,scaleRGB1
4c4f00da,flagWindDirParms0
942cf174,Normal_Amt0
be1164e2,Diffuse_Normal_Height0
8300a4fd,Normal_Detail_Height0
95bacba2,normalUVscroll_01230
c63f5ff,subLayerBaseScroll0
964c2fd2,TearLookupMinX0
cc4efdb,weaponParam60
d8e38a65,skyBoxRotationSize0
88befc32,alphaRevealParms2
7793a24b,colorTint1
5e77e8cb,viewProjectionMatrix0
86328e1e,waterNormalScale0
18685648,clipSpaceLookupScale0
d0b1274,worldViewMatrix0
ec845f4a,oceanDetailParms0
e73994fa,decalRevealParams0
1890b48c,oceanSpecParms20
4855487d,oceanShoreValues0
3388e5bb,oceanFoamValues0
b7a9a24a,diffuseUVControl0
b6006d1b,displacementParms1
6d0e645,Layer2Origin0
baeff1a7,Highlight_2_Size0
41fe9075,LayerBAlpha0
9d5408ff,oceanAmplitude0
1bcf62ae,cloudsHeights0
4d7ea234,featherParms0
6c02ca4f,GlobePos0
1d90b95b,emissiveFilter0
3c981303,BloodBrightness0
cc4efd9,weaponParam40
b82a51e8,waterColor0
b2dbf3c3,Holo_Scale0
88aaef51,flagParms0
4b7aaa94,Maximum_Distance0
ee775239,Color_Map_Scale0
2b66acfb,Master_Scale0
235980a4,Flicker_Speed0
a0023928,Min_Color0
40e6d33a,LayerAScale0
41f7d5a,dofLerpUpBias0
e10685a,Micro_Height0
adf88ca4,anisotropicParams10
c6e578ac,softDiffuseParms1
4ff84245,grassForce1Ex0
c457304,inverseWorldViewMatrix0
9d7942c3,FeatherDist0
5e721344,scriptVector20
80858c7,Speed0
bd748e9b,waterColorS0
6b9f6277,wrappedDiffuseParams0
da6a4630,LineNoise0
b6006d18,displacementParms2
376cf74a,fogConsts20
7b1ec5cc,NormalHeight0
12e6e4a9,VignettePower0
a2db91c,ScanlineOffset0
3fc0f1de,oceanFoamParms0
35d72c4e,DispersionAmount0
13966926,overlayTexCoord0
a66c7bda,ui3dUVSetup50
bfb26fea,displacementParms0
634a108e,ScanlinePower0
2d609af,clothcharrColorMapScale0
bddb06f7,FalloffPower0
7b1e75b0,colorObjMin0
978b6822,Heat_Direction0
d900f5e2,EnvBlurLevel0
af73ec2c,bloomParams3
736f56e3,WashOut0
dcdc22b6,oceanOptions0
95249dd2,occlusionAmount3
82f2d61f,Layer1Scroll0
a7a76d1c,subsurfaceParams1
77bdf118,particleCloudVelWorld0
608000a7,TearLookupSpeed0
77dba11a,ColorSpeed0
88befc31,alphaRevealParms1
a08942cf,DistortAmount0
b928230b,Static_amount0
19cc0727,shoreUVcontrol0
4a696dda,Normal_Detail_Scale0
242b7d8b,Highlight_2_Brightness0
c55adb8,Radius0
8c1d2f74,alphaDissolveParms0
d31bb535,emissiveUVScroll0
1d902f9c,u_customWindSpring0
d7ab4a09,thinFilmParams0
9e090950,flagParams0
cc4efd4,weaponParam90
64edbcfd,StaticLookupSpeed0
6c31bd50,WaterDirection0
dc8b0d88,LineWidth0
e41,P10
252b6a,shadowmapSwitchPartition0
9ea1a765,normalUVcontrol20
4e7911e2,Static_Size0
c97690de,hdrColorParms0
29c127c8,absorptionScale1
6f3aa9bb,sunFogColor0
dfabc7ee,Background0
27d54a31,windDirection0
8e706d03,Layer4Rotation0
b0dc3167,NormalHeightMultiplier0
22592f67,FirstFrame0
9f77d252,Highlight_1_Sharpness0
c83bf48,Heat_Intensity0
db649d54,SparkleProbeAmount0
12522630,PaintGradientMax0
fa98347f,Heat_Scale0
9453e62a,waterScroll20
e79d4f37,LastFrame0
5180050b,Puddle_Height_Scale0
3b4801a2,Specular_Decay_Threshold0
e346edc3,Layer4Origin0
50a7fdf3,dynamicFoliageSunDiffuseMinMax1
a88cceb2,MinStatic0
e9dda189,destructibleParms0
a9f40bac,LayerBOffset0
57e7367f,SparkleWash0
88befc34,alphaRevealParms4
c6ecb09a,MaxResolution0
c189cb10,BackgroundNoise0
487981d2,treeCanopyScaleRotationAngles0
69152971,Grain_Color0
55b65439,treeCanopyAmbientOcclusion0
92f67c22,shadowmapScale0
ead0e831,Tearing_amount0
1e474d82,StaticLookupX0
1963b946,revealParams3
bd085484,dofEquationViewModelAndFarBlur0
9453e629,waterScroll10
9e11408b,puddleShaderParams20
539a58fd,softDiffuseParms0
812c0a9,eyeOffsetParms0
7ea1d0e2,colorTintDelta0
13cef9cb,dustParms0
80e5258,Scale0
8e83cb8b,WarpHeight0
97dc3e1f,WaterScale20
c37b5586,flagWave2Parms0
d6d0afa4,FlareScale0
c7946294,whiteWaterNoiseScale0
50ed0a1e,Crop_Bottom0
e75dae00,emissiveUVScale0
1471f5e1,skyColorParms0
4755c0bb,gameTime0
79638aac,AnimSpeed0
7793a24e,colorTint4
2340ab18,detailScale10
ce9e66d1,Highlight_2_Sharpness0
349eb03a,Ember_Scale0
3e2cc7,Tint0
a9723f05,DepthSweetSpot0
b4de4d82,dynamicFoliageSunDiffuseMinMax0
18872054,colorDetailScale0
19632fa0,macro_normal_intesity0
6745c06c,WarpScale0
9502f451,glightGreens0
547b060d,SparklePower0
dbb312f3,LineColor0
b6162904,ColorBias0
5797c2e5,BloodIntensity0
88b30c1b,dofLerpUpScale0
294ee855,Edge_Color_Multiplier0
8d36a09,detailScale0
52a7fb8d,subsurfaceParams0
1963b947,revealParams2
95249dd5,occlusionAmount4
d1bc65ca,WaterHeight0
af73ec2e,bloomParams1
acdcb8d7,Glow_Alt_Color0
3e1b784f,treeCanopyLightingParms0
183d3cc2,decalParams10
b5bb8c0a,Cycle_Direction0
e12cbc92,Layer1OffsetBobbleSpeedAndSize0
d235be11,Padding0
6e2b6205,HeatmapNightColor0
61ed5959,MaxDepth0
c9e7ae4a,customLightmapShadowColor0
7455273f,dofLerpBias0
e559402f,Color20
81257f5e,EdgeColor0
e722795b,GradientColor0
97ee4bb6,Max_Color0
ecefa687,MinDepth0
eaea76bd,VignetteMultiplier0
651bb086,inverseViewMatrix0
d4cf9b7f,uvScroll1
1d302fe0,SceneNoise0
f384ca3,OverallAmount0
5e721347,scriptVector10
c7f4ebc9,Layer2Scale0
c8f7360b,FadeFactor0
af73ec2d,bloomParams2
4714aa2e,macro_normal_intensity0
b375068c,LayerBScroll0
dee13ac2,Char_Size0
e42,P20
f0cc306f,envMapParms3
f3ece3ec,Debris_Amt0
cc4efd5,weaponParam80
69514aed,Normal_Map_Size_Scale0
13aa7142,Coarseness0
4c53b0bf,whiteWaterMaskScale230
c93e49a5,Layer2Alpha0
6f3307d,Color0
4482698e,uvScroll0
de87643f,bloomParams0
6df0f12,Dolly0
1963b941,revealParams4
9320e41a,colorObjMaxBaseBlend0
b717ed68,waterParms0
c7df76c4,flagWave0Parms0
c3e2dbff,Layer1Offset0
88bdb3d,dlightSpotDir0
2340ab1a,detailScale30
5412d82f,LayerAOffset0
4036fa56,LayerAAlpha0
92a45e,dofLerpScale0
2283b60c,Shadow_Ripple_Amt0
f374588c,DistortionSpeed0
16e175e6,CausticsIntensity0
dfea169a,Layer4Depth0
d6c718bd,TickMarkColorAndHarshness0
650b5e58,modelWorldToObjectMatrix0
7343327,Gamma0
26ca6d76,sphereLitAttenuationParams0
c0fce2f1,Glow_Color0
992336af,AO_Diffuse_Adj0
5c6d0184,Layer3Origin0
3bcdb69a,inverseTransposeWorldMatrix0
78c16506,treeCanopyMinimumSway0
2401b0ae,Specular_Push0
428d48af,WashoutMultiply0
2ddf51f7,Flicker_Max0
9453e628,waterScroll00
3104fd9b,scaleRGB4
18acca4c,CausticsDirection0
9027e5c1,occlusionAmount0
7b1e74ae,colorObjMax0
5d4af3fd,Layer3Offset0
ba5fb1a6,sunDiffuse0
d627f218,BakedLightingIntensity0
d13fcc4a,codeMeshArg0
3eb3d81,EnemiesColor0
f0cc306e,envMapParms2
898558cd,baseLightingCoords0
97e38318,waterScroll0
666f89dd,clipSpaceLookupOffset0
ca27beed,dlightSpotShadowmapPixelAdjust0
d5132dda,Fade_Distance0
20ae53b5,dlightSpecular0
3380b46c,debrisFlowThinFilm0
a5ba130a,whiteWaterMaskScroll010
c3b163f6,PositiveColor0
cc9878b7,Gloss_Amount0
eef477a2,waterColorDeepScatterDelta0
8ffb1e40,Grain_Amount0
a4ebe2da,VignetteAmount0
96fe878,fogConsts0
fe50a597,Micro_2_Height0
dcd28e49,LineSpeed0
3d9994dc,envMapParms0
c61f0e50,FlattenEdges0
3dc97bf1,LineHeight0
5488816a,SparkleScale0
4e05af67,debugBumpmap0
50a7fdf0,dynamicFoliageSunDiffuseMinMax2
4eb88da0,StaticScale0
b6006d19,displacementParms3
de56ef14,dlightDiffuse0
ca8e2428,Layer3Scale0
7d86eb7f,resizeParams10
b5949346,spotLightWeight0
cd91b6ae,Layer1OffsetBobbleDelay0
4de76f9c,Specular_Amount0
e66eabeb,dlightSpotMatrix2
7dfeb6fa,Muddiness0
aecf7c00,alphaRevealParms0
550ac473,AlphaSpeed0
eb12cda4,Reticle_Alt_Color0
98b9a4dd,EdgeMaxDist0
eec582b4,Micro_1_Height0
c03b17a5,waterSunValues0
2505853,Falloff_UV_Scale0
77446F9,Base_Tile_Scale0
5624CA3E,Base_Reflection_Amount0
629A4393,Falloff_Noise_Strength0
7AD56358,Falloff_Phase0
8668A953,Tile_Scale0
CA621D0E,Falloff_Amplitude0
10407972,Surface_scale0
68476F12,Surface_Height_Scale0
CA75B363,Alpha_Falloff0
5B980726,Rim_Specular0
5F8DE3B3,Edge_Intensity0
FCBBBB96,Scatter_Intensity0
94485222,PreSpecDim0
CE4851DC,Specular_Roughness0
19108D0,Sparkle_Color0
12F6B663,Sparkle_Iridescence0
2BE7388F,Facing_Ratio_Min0
2BE73991,Facing_Ratio_Max0
99EA7714,adsZScale0
66BE5026,projectionMatrix0
9A284D3B,inverseViewProjectionMatrix0
C30B11A3,worldOutdoorLookupMatrix0
DC450796,lightHeroScale0
8AD5642,zNear0
36436A0C,outdoorFeatherParms0
EC692B34,lightFallOffB0
75F72D0D,lightSpotMatrix0
75F72D0C,lightSpotMatrix1
75F72D0F,lightSpotMatrix2
75F72D0E,lightSpotMatrix3
90F027E6,lightSpotAABB0
4948B54F,lightConeControl1
4948B54C,lightConeControl2
B6835E92,lightSpotCookieSlideControl0
BF03A961,_characterCharredAmount0
9293F97E,renderTargetSize0
5188E8D,upscaledTargetSize0
2997743F,sunShadowmapPixelSize0
8486CA6E,skyTransition0
5AB95C79,rimIntensity0
A86A46FC,cameraUp0
6C1BB27E,cameraLook0
6C1467A2,cameraSide0
1D2651DC,heroLightingR0
1D2651C9,heroLightingG0
1D2651CC,heroLightingB0
3F4CFF65,genericEyeOffset0
4C715CBF,genericQuadIntensity0
9547F891,postFxControl0
9547F890,postFxControl1
9547F893,postFxControl2
9547F892,postFxControl3
9547F895,postFxControl4
9547F894,postFxControl5
9547F897,postFxControl6
9547F896,postFxControl7
9547F899,postFxControl8
9547F898,postFxControl9
9547F8C0,postFxControlA
9547F8C3,postFxControlB
9547F8C2,postFxControlC
9547F8C5,postFxControlD
9547F8C4,postFxControlE
9547F8C7,postFxControlF
1B90A3A5,cloudLayerControl0
1B90A3A4,cloudLayerControl1
1B90A3A7,cloudLayerControl2
1B90A3A6,cloudLayerControl3
3EB82CF6,emblemLUTSelector0
9938B437,skyColorMultiplier0
1B03B8BA,extraCamParam0
5F48087,glowApply0
24676314,colorMatrixR0
24676301,colorMatrixG0
24676304,colorMatrixB0
D58AB88F,cinematicBlurBox0
86E1CA5D,cinematicBlurBox20
52CCE127,gridLightingCoordsAndVis0
6699DF0D,gridLightingSH0
6699DF0C,gridLightingSH1
6699DF0F,gridLightingSH2
EBF37072,reflectionLightingSH0
EBF37073,reflectionLightingSH1
EBF37070,reflectionLightingSH2
89A2EFA0,combined_dlight0
8BD1C703,combined_glight0
D87C8BA,Emissiver_Amount0
32EEC468,flameDistortion0
D469E291,fadeEffect0
7E7D7C1E,colorTintBase1
52DBED13,colorTintDelta1
78DB49B5,colorBias1
548DA175,SparkleSpeed0
5F50CAF0,LumaBoost0
1B61F,FOV0
B26D6D35,DepthScale0
287E88CD,TweakBlend0
5F394E94,LightBleed0
6D43BA8B,TransmissionColor0
81259AEF,treeCanopySwayRange0
B1BE57E5,FadeDistance0
A31AA041,FadeSpeed0
B2A053FB,BendMinimum0
23639892,BendRange0
236B8DEA,BendSpeed0
FE28A86E,BendDistance0
9A0E9CA1,BendColliderZ0
C282390D,RadialLighting0
A293339E,Sparkle_Swatch_1_Scale0
A28AE881,Sparkle_Swatch_1_Speed0
B40EF702,Sparkle_Swatch_2_Speed0
2F60F7EB,Outside_Detail_Intensity0
2EDD0BE2,Inside_Detail_Intensity0
24EEEEFE,Inside_Color0
496A7612,Inside_Add_Intensity0
34BCA35F,Overall_Intensity0
B414191D,Sparkle_Swatch_2_Scale0
A62556A6,Specular_Level0
256EA3AD,Gloss_Level0
EA8C7CE4,Normal_Map_Mapping_Type0
F18A0E98,Swatches_Mapping_Type0
CB100018,__inside_hole_min0
CB100106,__inside_hole_max0
A07D53A3,__rim_min0
A07D52BD,__rim_max0
3F328869,WaveWarpScale0
9187B28A,ScrollSpeed0
77F589AC,MaskRadius0
73AC712E,VignetteRadius0
1533D191,MaskSoftness0
4D92293,VignetteSoftness0
1417EAAB,VignetteColor0
7032C25,Boost0
