c056ef18c1888ce,iw8_ar_akilo47_animpackage_carry_hostage
56a242d976892570,iw8_ar_kilo433_animpackage_carry_hostage
50ed0db801a32977,iw8_eq_c4_mp_animpackage
689be01b8afe7f62,iw8_eq_semtex_mp_animpackage
17ded65a581b2a15,iw8_me_soscar_knife_off_animpackage
24ce050178c04af9,iw8_mg_mobile_turret_animpackage
5b6c7ff4c13bec4f,iw8_pi_mike1911_animpackage_carry
3482a4ef0b49b304,iw8_sm_beta_animpackage_carry_hostage
66063246d51bdd98,iw8_sm_mpapa5_animpackage_carry_hostage
73810fa19dde3b6,iw8_sm_mpapa7_animpackage_carry_hostage
626fe8515039de1b,iw9_default_animpackage
4334863948f331a8,iw9_default_animpackage_l_hand
59ad6c9aa17db0f3,iw9_default_animpackage_la
7eb49a54489fb16,iw9_default_animpackage_r_hand
4770debc4e3aa9d6,iw9_default_eq_animpackage
616d011087bb1b4a,iw9_eg_stim_friendly_revive_default_animpackage
23789ebb631d1ea6,iw9_eq_stim_friendly_revive_animpackage
626600380f2160ab,iw9_fists_default_animpackage
341d68ae5747d8ab,iw9_gunless_default_animpackage
2da36837799784f9,iw9_gunless_sp_animpackage
29d6f053ee0cb2b7,iw9_p02_lm_kilo21_animpackage
28b248e30fac9e1,iw9_p33_me_tactical_knife_default_animpackage
31784fe8401ba0d1,iw9_p33_me_tactical_knife_off_animpackage
904edf0e3798bda,iw9_p34_me_riotshield_animpackage
31b3edf25bfbf2fc,iw9_p34_me_riotshield_default_animpackage
1033eb772c491f0f,iw9_p37_lm_dblmg_animpackage
26a18cc445ec7db1,iw9_p37_lm_dblmg_default_animpackage
40a5ce5de8cd91a6,iw9_p45_mg_auto_sentry_animpackage
2e17e21c898aa36f,iw9_p46_mg_bravo50_animpackage
53ceddd6661288d1,iw9_p46_mg_bravo50_default_animpackage
45ee3635048ad0cf,iw9_vm_killstreak_tablet_animpackage
16fb8baa409de571,iw9_vm_killstreak_tablet_default_animpackage
1398895cd22dcade,iw9_vm_killstreak_tablet_map_animpackage
7f3d7ed19d1a0f88,iw9_vm_killstreak_tablet_tac_nuke_animpackage
757e2879867e2131,iw9_vm_tablet_remote_hack_animpackage
61e239e32c9758e1,jup_eq_monkey_bomb_animpackage
8a2434a1ba4e2b6,ks_generic_mp_animpackage
71dcd1f524b51867,misc_vm_armor_plate_default_animpackage
77ac3d57eb836db6,misc_vm_laser_pointer_default_animpackage
2d9f9c6beb757f9a,misc_vm_oxygen_tank_default_animpackage
734a9fb8b06ed29,misc_vm_recon_drone_default_animpackage
7922b808596c0187,misc_vm_spotter_scope_default_animpackage
706c58ea4b92c573,offhand_2h_armor_box_animpackage
51a990f6e84b9d3f,offhand_2h_briefcase_bomb_animpackage
72f6816a59fe1641,offhand_2h_briefcase_bomb_default_animpackage
44ae0a9b4cbfba5e,offhand_2h_briefcase_bomb_defuse_animpackage
1609bc5e2f5f2181,offhand_2h_bunker_buster_animpackage
61e9242901bd6d85,offhand_2h_c4_animpackage
38074d6c1211ec09,offhand_2h_cluster_spike_animpackage
2284b2f7a81195a,offhand_2h_cyber_emp_animpackage
64cecfc01d5c307c,offhand_2h_cyber_emp_default_animpackage
46d95322c9479d48,offhand_2h_cyber_emp_plant_animpackage
17901bb0e272a6da,offhand_2h_cyber_emp_plant_default_animpackage
95eb501a56f00ec,offhand_2h_decoy_mine_animpackage
20e2321a8430d6c6,offhand_2h_frag_animpackage
7804188f863515b5,offhand_2h_frag_grenade_default_animpackage
2af80936537f6b18,offhand_2h_molotov_animpackage
414ebdb757aaa847,offhand_2h_proximity_mine_animpackage
3b03203b326ce869,offhand_2h_proximity_mine_default_animpackage
13e861fc98500942,offhand_2h_semtex_animpackage
5652653752ca33be,offhand_2h_smoke_grenade_animpackage
66bc191413cbe168,offhand_2h_smoke_grenade_default_animpackage
4620c086d2b7335b,offhand_2h_support_box_animpackage
5492577a78e304a4,offhand_2h_thermite_animpackage
7eae0f13d606dfbe,offhand_2h_thermite_default_animpackage
7beaa3c505a0272c,offhand_2h_throw_knife_animpackage
66054ac9f633b3a6,offhand_2h_throw_knife_default_animpackage
761f4adbf7604ae7,offhand_2h_throw_star_animpackage
25a10b42267575d8,offhand_2h_trophy_system_animpackage
23bb1f59d443bad0,t10_la_p17_pable3_animpackage
40da94a1763051e2,t10_la_p17_pable3_default_animpackage
7c2d3669bbde7f1d,t10_lm_p01_aroger10_default_animpackage
52e56a74fa360a4d,t10_me_p15_knife_animpackage
5fbc302166750d27,t10_me_p15_knife_default_animpackage
45fee38c73cca254,t10_me_p16_bat_default_animpackage
1ea1b64e35b4be11,t10_p19_zmb_rable_animpackage
e2d1c7fb174a7b8,sat_ar_condor_animpackage
4b663176cee58a1f,sat_ar_falcon_animpackage_gripang
4d18a647045d7bf8,sat_dm_oman_default_animpackage
3dd5ff665a5ddc39,sat_sm_orca_animpackage
793d05b629c09ae2,sat_sh_corso_animpackage_gripang
34c772098c2cfda1,sat_sm_zebra_animpackage_smag
64574d02b6a0c03,sat_ar_kite_animpackage_ubgl
62df5dd7ec345958,sat_ar_falcon_animpackage_gripvertshort
7f4d21a184f16d06,sat_pi_orion_animpackage
6c7e49eacb4c7d2f,sat_dm_oman_animpackage_smag
3bd4cb169a878e60,sat_sm_zebra_animpackage_hybrid01
1157b5100ce8aeab,sat_sm_orca_default_animpackage
5dab32689ddedf34,sat_ar_kite_animpackage_ubgl_launcher
380a822862f427eb,sat_pi_orion_animpackage_akimbo_r
1d508aef63a5cd99,sat_ar_falcon_animpackage_ubgl
620af15e08c324fd,sat_sm_zebra_animpackage_selectsemi_on
6c099eaa13223236,sat_lm_hades_animpackage_hybrid01
380a902862f43fb5,sat_pi_orion_animpackage_akimbo_l
3825de09cab22116,sat_ar_falcon_animpackage_ubgl_launcher
5daf0469ede77182,sat_dm_scotia_animpackage
5ba18dc8e3801a19,sat_sm_zebra_animpackage_selectsemi_off
4714620d2e722b2b,sat_sh_husky_animpackage
66e66d1168d49d4a,sat_sm_orca_animpackage_gripang
3d6a7d52e259a28f,sat_ar_kite_animpackage_drum
51dee286de5aa2f4,sat_lm_zeus_animpackage
38381e7763ae7b64,sat_dm_scotia_default_animpackage
124adf3fdd7e7c05,sat_sh_husky_default_animpackage
612b7f90f8b30650,sat_pi_orion_default_animpackage
3919e0265a0ebde9,sat_ar_falcon_animpackage_selectsemi_on
278c93d17cf21326,sat_ar_kite_animpackage_hybrid01
52a636b1df9e89ae,sat_lm_zeus_default_animpackage
7a8558f1791a95a5,sat_lm_zeus_animpackage_akimbo_r
2024a084d33ad3ac,sat_sh_husky_animpackage_smag
6b108987bb84f312,sat_sn_baltic_animpackage
cd6819306e11329,sat_dm_scotia_animpackage_gripang
6e042e84d9700fc5,sat_sm_cobra_animpackage
7a856af1791ab43b,sat_lm_zeus_animpackage_akimbo_l
188f230882b3d854,sat_sn_baltic_default_animpackage
5368a0257b6fb043,sat_sh_husky_animpackage_xmag
968b2dcef2fcdc,sat_dm_scotia_animpackage_gripvert
a04ff08473ba8e7,sat_ar_kite_animpackage_selectsemi_on
15d1602b07247985,sat_ar_falcon_animpackage_selectsemi_off
1e8f9942e3839ada,sat_dm_scotia_animpackage_barshort
139a1959d524fa03,sat_lm_zeus_default_animpackage_akimbo_r
20344c83fa2c30df,sat_sm_cobra_default_animpackage
27e5ea38fd0d5efd,sat_ar_condor_animpackage_ubgl
10f9b690f7596173,sat_sm_orca_animpackage_hybrid01
420aec110a48a6ab,sat_ar_kite_animpackage_selectsemi_off
32f40796a462e02a,sat_ar_condor_default_animpackage
139a1759d524f69d,sat_lm_zeus_default_animpackage_akimbo_l
131c3906d3f7b694,sat_ar_falcon_animpackage_hybrid01
192a064bcaea8d4a,sat_ar_condor_animpackage_ubgl_launcher
37377d1f732e067c,sat_sm_orca_animpackage_selectsemi_on
5801fdc386bad808,sat_ar_condor_animpackage_hybrid01
72d2b7b3051dcbd2,sat_ar_vulture_animpackage
45f14bc5791029b,sat_ar_condor_animpackage_gripang
307120a76ddbe3c4,sat_ar_eagle_animpackage_gripang
16ba670b74cbdb6,sat_sm_orca_animpackage_selectsemi_off
463741f033a7c62c,sat_ar_vulture_animpackage_xmag
4e65e2c1c54c2923,sat_dm_scotia_animpackage_selectsemi_on
5695c6169009d643,sat_ar_hawk_animpackage_gripang
cd6b0a19ecd6146,sat_lm_zeus_animpackage_gripvert
22c52c8366f6d414,sat_ar_vulture_default_animpackage
71ba57e1b315a2ce,sat_ar_eagle_animpackage_selectsemi_on
772fb22a490ca8e4,sat_pi_timir_default_animpackage
223e04fde612ea71,sat_sm_otter_animpackage_gripang
3364727c77f2db70,sat_ar_hawk_animpackage
be8501bb7ebfb0f,sat_ar_eagle_animpackage
7733612fdb5bd4e3,sat_ar_vulture_animpackage_xmaglrg
586a2830e46c463a,sat_sm_otter_animpackage
47bb565dc98eef02,sat_pi_timir_animpackage
4207b885c7ecd04a,sat_ar_condor_animpackage_gripvert
642528d4386d5199,sat_ar_vulture_animpackage_gripang
364c44240813987,sat_dm_scotia_animpackage_selectsemi_off
552b0c834dacb6f0,sat_ar_eagle_animpackage_selectsemi_off
1c8a72b9547c3027,sat_lm_zeus_animpackage_gripang
331ce9a58c41e43b,sat_me_knife_animpackage
2c8e7b3c7dd8ffd7,sat_dm_scotia_animpackage_ubgl
799a61bee22c3e05,sat_ar_hawk_animpackage_ubgl
4f910963a3f44d5,sat_pi_timir_default_animpackage_akimbo_r
6bae153d8fb2a8be,sat_sm_otter_animpackage_gripvertshort
2732bd3a2e552342,sat_ar_hawk_default_animpackage
4ab8c909e236a3a,sat_ar_vulture_animpackage_hybrid01
4154b47e85dbde5,sat_ar_condor_animpackage_selectsemi_on
33d74549d4e3dcf,sat_pi_timir_animpackage_akimbo_r
7aca8bfabd82d9b1,sat_ar_eagle_default_animpackage
4e4cd8408271307,sat_ar_vulture_animpackage_ubgl
2ffd8b5ed6fd0e9c,sat_sm_otter_default_animpackage
49e1377e727b4cf7,sat_ar_condor_animpackage_optics
1d7916805a0f52b5,sat_me_knife_default_animpackage
1505e3bbded11b7b,sat_streak_sniper_suitcase_animpackage
660b87f0d338267a,sat_sn_baltic_animpackage_hybrid01
4f902963a3f2d0b,sat_pi_timir_default_animpackage_akimbo_l
3f672c158df88958,sat_dm_scotia_animpackage_ubgl_launcher
50a7d77447273482,sat_ar_hawk_animpackage_ubgl_launcher
4940bb8a77c210c8,sat_ar_vulture_animpackage_ubgl_launcher
5f0316adff4d1c40,sat_dm_kara_animpackage
4e079e2fd7601ee1,sat_ar_condor_animpackage_selectsemi_off
4ff4ebc80c1b2d72,sat_ar_hawk_animpackage_gripvert
33d6a549d4e2cd1,sat_pi_timir_animpackage_akimbo_l
43bc71c896f9a604,sat_sm_otter_animpackage_gripvert
56630fe19788906e,sat_me_shockbaton_animpackage
4e715d161c431f5,sat_streak_sniper_suitcase_default_animpackage
529a7a77872e4f8c,sat_sn_caspian_animpackage
a4d47cc69e8edfc,sat_lm_zeus_animpackage_hybrid01
9e61eabd1ed8fc6,sat_sn_caspian_default_animpackage
693229c811b3e74c,sat_ar_hawk_animpackage_barlong
32921e641e8bd927,sat_la_fang_animpackage
1ec53a7d7bd618f,sat_sm_puma_default_animpackage
753c48193836ddf3,sat_dm_kara_animpackage_gripang
686dd2d0b20622de,sat_sh_akita_animpackage_akimbo_l
6e24d1ec55dcc2f2,sat_dm_kara_default_animpackage
2edb9df1a83d64e1,sat_ar_eagle_animpackage_hybrid01
1d6d75a00482fa5e,sat_ar_falcon_animpackage_gripvert
5b21c00a8a4ad7e4,sat_ar_eagle_animpackage_ubgl
3e79b54662a696b6,sat_sm_puma_animpackage_gripang
62b4f6e15f6884b0,sat_ar_hawk_animpackage_hybrid01
4645322348517019,sat_sh_akita_default_animpackage
58f64a95a118ca09,sat_la_fang_default_animpackage
3ce62757d26be022,sat_dm_kara_animpackage_gripvert
7afb906814c8c3fd,sat_ar_eagle_animpackage_ubgl_launcher
1a5ec06b1f0ebc87,sat_sm_cobra_animpackage_hybrid01
edaa8288e1ebd6d,sat_sm_puma_animpackage_gripvert
69b29ad3d3bf6d57,sat_sh_akita_animpackage
1e7a09713d98fbd2,sat_sm_otter_animpackage_hybrid01
1019e9b24abbeb2d,sat_ar_hawk_animpackage_selectsemi_on
4ac3f22454a102e4,sat_ar_hawk_animpackage_barshort
5258ee73958aaba8,sat_la_polis_animpackage
7fc9f404d5e53bb5,sat_dm_kara_animpackage_ubgl
5cd04d325a9c42fc,sat_ar_falcon_animpackage
686ddcd0b20633dc,sat_sh_akita_animpackage_akimbo_r
2f1d58b43ddb7324,sat_sn_caspian_animpackage_hybrid01
48e82af7ef31566a,sat_dm_scotia_animpackage_hybrid01
e4af63fa43818d5,sat_sm_puma_animpackage
17d874f4fd3a23e9,sat_ar_hawk_animpackage_selectsemi_off
32334eed3fdaeaef,sat_sm_komodo_animpackage
35175b2e36a2f07a,sat_la_polis_default_animpackage
300e83038f2cccb2,sat_dm_kara_animpackage_ubgl_launcher
7c91b7e46716dc96,sat_ar_falcon_default_animpackage
2a2c94aedb96c051,sat_sm_komodo_default_animpackage
66187d7b1545776,sat_ar_kite_animpackage
28c6ba7a253fe99c,sat_sh_akita_animpackage_gripang
7d7c77eca3441dc6,sat_lm_hades_animpackage
32a7d7dfabad37c4,sat_sn_drake_animpackage
7ebfbd2a53516652,sat_sm_zebra_default_animpackage
5896d9d33452a367,sat_sm_komodo_animpackage_gripvert
e442ca789a80457,sat_sm_puma_animpackage_hybrid01
1d4d9eeed0fa1be0,sat_ar_kite_default_animpackage
2c7664d864427e10,sat_lm_hades_default_animpackage
2d0f85f615eee49e,sat_sn_drake_default_animpackage
d5711ba206c63e1,sat_sh_corso_animpackage
6ff9210c08c79f64,sat_sm_komodo_animpackage_gripang
2a857a3ad2cd6de0,sat_sm_zebra_animpackage
230633c49832ab20,sat_ar_kite_animpackage_gripvert
ec3da77ea45e7ad,sat_lm_hades_animpackage_gripang
708a238afcfe2cd4,sat_pi_atlas_animpackage
68c821bbde86a046,sat_sm_zebra_animpackage_xmag
5702cd305e200133,sat_sh_corso_default_animpackage
2979b65b8182c90f,sat_sm_komodo_animpackage_gripvertshort
165d59962dd6003d,sat_ar_kite_animpackage_gripang
56a1c463ce4fefd0,sat_lm_hades_animpackage_gripvert
5d02e49b36165380,sat_dm_kara_animpackage_hybrid01
145abe5bdbf21785,sat_pi_atlas_animpackage_akimbo_r
653528dffecef781,sat_sm_komodo_animpackage_hybrid01
2aad69af7f61481,sat_sh_corso_animpackage_gripvertshort
278036571d98c445,sat_sm_zebra_animpackage_drum
2d27a2428ca400dd,sat_dm_kara_animpackage_selectsemi_on
469c557dfa02412e,sat_sm_komodo_animpackage_selectsemi_on
145ad05bdbf2361b,sat_pi_atlas_animpackage_akimbo_l
5e3e4214fa962479,sat_dm_kara_animpackage_selectsemi_off
7dcb9d0fd1be40d0,sat_sm_komodo_animpackage_selectsemi_off
ad41104bde0b5ce,sat_pi_atlas_default_animpackage
78f703746d9a65ae,sat_dm_oman_animpackage
221a0f3ccd4b5c3,sat_pi_atlas_animpackage_optics
54d51b94ace46c4c,sat_sn_drake_animpackage_hybrid01
132429b2f28dcb48,sat_ar_eagle_animpackage_fast02
1077f306001ca279,sat_lm_hades_animpackage_ext01
404b19dcb6261f50,sat_sm_otter_animpackage_fastmag
5d9ad243cc088c86,sat_sn_drake_animpackage_xlrg
3df88d0f0c739ed8,sat_ar_eagle_animpackage_ext01
7000fd011c8d42c1,sat_ar_vulture_animpackage_fast
1077f006001c9d60,sat_lm_hades_animpackage_ext02
1508284396662480,sat_pi_orion_animpackage_xlrg
4d3916e108251752,sat_sm_puma_animpackage_ext01
432535246bcb9068,sat_sn_drake_animpackage_lrg
3df8900f0c73a3f1,sat_ar_eagle_animpackage_ext02
7f5b47726bff907b,sat_ar_vulture_animpackage_flipmag
411bf31ed8c8c405,sat_pi_orion_animpackage_fast
4d3915e10825159f,sat_sm_puma_animpackage_ext02
36b45fadc9e7139b,sat_sn_drake_animpackage_fast
36076194f6ec616e,sat_dm_kara_animpackage_flip
2cbbfc37bf725c34,sat_sm_puma_animpackage_fast
46014e94b7a2e177,sat_dm_kara_animpackage_fast
77815c08adb1f433,sat_dm_kara_animpackage_extmag
633f7e182737953b,sat_lm_zeus_animpackage_ext01
12171f1aa88e9582,sat_sn_baltic_animpackage_gripmix1
1d503a6f3ed233ed,sat_sn_baltic_animpackage_griprecoil
1a5a6f347a1ed2cd,sat_ar_condor_animpackage_fast02
28811214df32efb7,sat_sm_komodo_animpackage_xlrg
633f7f18273796ee,sat_lm_zeus_animpackage_ext02
3de0e48ae8a76cbe,sat_sm_komodo_animpackage_fast
37e2f6902f18b793,sat_ar_falcon_animpackage_fast
12171e1aa88e93cf,sat_sn_baltic_animpackage_gripmix2
24775fff47de3e67,sat_ar_condor_animpackage_ext01
7f4c10e2560f8cad,sat_ar_hawk_animpackage_flipmag
66b0d94ef4922063,sat_ar_hawk_animpackage_extmag2
186114400b9797b8,sat_dm_scotia_animpackage_fastmag
6c9e5a1249084180,sat_sh_akita_animpackage_ext01
1270bc675bc184bb,sat_sn_baltic_animpackage_gripsway
d800b81e8740ca2,sat_sm_komodo_animpackage_short
247760ff47de401a,sat_ar_condor_animpackage_ext02
2bf769354472f52b,sat_dm_scotia_animpackage_flipmag
7c4c377c5b312ea3,sat_ar_hawk_animpackage_extmag
30a94f8e86ece37e,sat_ar_hawk_animpackage_fastmag
6c9e5d1249084699,sat_sh_akita_animpackage_ext02
7c182e9223a0faf0,sat_sh_akita_animpackage_fast02
63b9faf1b7daf8af,sat_sm_komodo_animpackage_lrg
3c659f5ad0d8c901,sat_sn_baltic_animpackage_fast
52c99d24d883764e,sat_sm_orca_animpackage_ext01
52c99c24d883749b,sat_sm_orca_animpackage_ext02
216d2a564b637021,sat_sn_caspian_animpackage_short
48e83408c63528a,sat_sn_baltic_animpackage_lrg
591957780bb3c1f9,sat_dm_scotia_animpackage_extmag2
601c651f8eb6147e,sat_sm_orca_animpackage_fast02
33ab53fac0ca10f0,sat_sn_caspian_animpackage_lrg
1d240d49ee718f2c,sat_sn_baltic_animpackage_xlrg
435293413b65bbf5,sat_ar_kite_animpackage_fast
38445155b00c4cd1,sat_sm_orca_animpackage_flip
69284e6948cb06a3,sat_sn_caspian_animpackage_fast
14555f8f02eae883,sat_sm_otter_animpackage_flipmag
1a8f307a35b4a8ce,sat_sn_caspian_animpackage_xlrg
2a50947f47851681,sat_sm_otter_animpackage_extmag2
523117e4a200e4c9,sat_sm_otter_animpackage_extmag
5aa2a6582eb8c42a,t10_offhand_2h_impact_animpackage
55bc1e2e29e91d81,offhand_2h_deployable_cover_animpackage
2f49b0151d187f48,offhand_2h_briefcase_bomb_defuse_default_animpackage
52d21083fa93b7e5,misc_vm_spotter_scope
355eaa08e222cad3,misc_vm_recon_drone
5bd271c172f21790,misc_vm_oxygen_tank
d6e5b87f8cbd48a,offhand_2h_pill_bottle_animpackage
2a7ea23ef935b2d7,offhand_2h_grenade_tracker_animpackage
19ff3ba8f05c699c,misc_vm_laser_pointer
13f972d905e862c5,misc_vm_armor_plate
12569c0b5fc0f52a,t10_me_fists_animpackage
5cdbecffd551ed2c,t10_me_fists_default_animpackage
7ef232629cccaa2b,t10_eq_monkey_bomb_animpackage
