5898883c8735c216,doors.all
627d74f97690930e,ingame.all
84f08800bf1b8b5,gunscreen.all
ae70c36d474b449,ingame.english
64e629032c9de4bf,van_infil.all
1af90b268932b080,dpv_infil.all
1c45ca5801593410,ingame_mp.all
10b38c88041e0324,mi8_infil.all
6c1cbc7d2262c912,eqp_trophy.all
243bd8ed55b3517a,jltv_infil.all
6139a08461566d99,blima_infil.all
4da2b77055e43360,eqp_molotov.all
39b44d86ac0eb9f0,frontend_ui.all
1bb67762390ae182,palfa_infil.all
46f63a1e1af4fab2,eqp_tac_cam.all
61e88c1208b6843a,kls_jup_emp.all
54cbf30493588420,eqp_claymore.all
7b3b92b048c60774,eqp_snapshot.all
36db212bfaffa66a,eqp_thermite.all
781e6924d8c8097a,lbravo_infil.all
2c45ba34c3689e0f,mbravo_infil.all
2aff8c83d4a0abbc,mindia_infil.all
2fbc07d0b562b086,swimming_npc.all
1bc7ccb7a1cf24b7,swimming_plr.all
4aa7018eb4dd4133,ir_field_lrg.all
46d5317452d0ddfc,s6_operators.all
75ebbfe66c99e513,code_post_gfx.all
6f76353c264c0f6e,gunscreen.english
cc9338004e86452,ingame_base_mp.all
5538949cee5e8a52,iw9_operators.all
24f60666549fd59,mp_gamemode_gw.all
4bffffa3830e3f5f,saba_cp_hydro.all
6e3b8ebbfb23adf7,watch_digital.all
7d02da70f0853158,eqp_inhibitor.all
7cdfc9df2f48c997,ingame_mp.english
147a651d7291a35d,defender_infil.all
13a145166b2f5504,eqp_rebreather.all
1c63f73e3f1338d4,eqp_sound_veil.all
3426cf0aa1ecee3c,eqp_tac_insert.all
417eeb1f99b2700b,mp_gamemode_br.all
45cd8aa3beeb3e5a,skerries_infil.all
416e69b81b545adc,watch_pet_mean.all
6a52ae55ebf4d6c8,elevator_infil.all
21fe8870e84bbe8a,ir_stairwell_a.all
54aca100a3bd080b,eqp_shock_stick.all
7912e04fedf22377,frontend_ui.english
6ed3a728997aad98,mp_gamemode_dmz.all
2e07b70db5fbb19a,veh9_common_air.all
93c00e7a98d75b1,veh9_common_land.all
31f5f51f21405d59,veh9_common_sea.all
f2617ff79c82780,vehicle_blima_ai.all
5c02fc1b24cc3a47,watch_pet_16bit.all
1a366ec00079a232,ir_basement_lrg.all
6bc1d8ad7b3845f2,ir_bathroom_sml.all
6c83c19cc5c1a6a5,jup_bigmap_city.all
33b96503c1d8113,jup_bigmap_relic.all
55027cfb8b565d2c,weapon_snowball.all
3ebf61f1eb4d41f,delta_district_02.all
847a04967e42cf2,delta_district_05.all
39bf57e22d8294f0,eqp_bunkerbuster.all
1f789e664d14167a,ingame_shared_mp.all
4e99629a164bbaf5,iw9_operators_s1.all
646e0c895a6dc878,iw9_operators_s2.all
1367b997085feaff,iw9_operators_s3.all
17c463c15190f6d2,iw9_operators_s4.all
711a2eb6fc2ece61,iw9_operators_s5.all
5ccdd79a3f3d39e4,iw9_operators_s6.all
2d4db3707a0f20bb,merged_ingame_mp.all
f047bad2efbc231,mp_frag_mtx_crash.all
16d37a203de18da8,veh9_common_tank.all
5480e3ebd3dfda1b,vehicle_wheelson.all
3e3ee524e128e204,eqp_aether_blade.all
19feec484b15f2ee,ir_hall_wood_lrg.all
48351c033bc30b9d,ir_room_wood_sml.all
162dfab4e09b9dc3,ir_stairwell_med.all
21fd220755471df4,jup_bigmap_cargo.all
5d43e0daa9c78505,jup_bigmap_manor.all
501fdc622b60fb40,jup_bigmap_rural.all
de16de3755de3db,jup_ob_eqp_monkey.all
4831c4f2d58d4793,s6_operators.english
1b92df02231785a0,code_post_gfx.english
65c6d42c82011986,delta_district_01.all
52474d3c8b9f4718,delta_district_03.all
619e6b3f1283b781,delta_district_04.all
50fac34806085b6b,delta_district_06.all
74231852586f1684,delta_district_07.all
79fdeb137de2149d,delta_district_08.all
4fbd5001a4573a80,eqp_decon_station.all
5e7ffd66816dc347,eqp_decoy_grenade.all
215a15841b2ca00d,iw9_operators.english
7511e97246497325,vehicle_mindia_ai.all
260c586b39964626,eqp_spotter_scope.all
13e875515871188a,ir_house_open_lrg.all
5b2e0b7ae961516,ir_room_wood_med_b.all
697592c7eff7c8bc,jup_bigmap_marina.all
3abc256ed7e1345f,jup_bigmap_resort.all
ec2fdcc31ede1ea,jup_bigmap_suburbs.all
2cb305a0fdc6b73b,kls_cluster_spike.all
39689a1ef51f8362,weapon_t10_me_sai.all
59852a61da087b3f,eqp_redeploy_drone.all
344fa2773d591a0d,ingame_base_mp.english
77507e488f3dab46,iw9_menu_soundbank.all
28a18ff6a6cbf749,br_codmas_slayride.all
1f2c991466ac98af,crossing_suv_infil.all
79cb3f7fcb8186c3,eqp_breacher_drone.all
7cdc62f47f8924a0,eqp_comm_scrambler.all
3d405a81e8eb784a,ir_hall_lrg_marble.all
5d64a7ba0e96528,ir_hallway_wood_med.all
386d65f47b3c0a04,ir_room_wood_sml_b.all
39b43ad91f8f18b6,ir_subpen_concrete.all
60fb0c1650b18468,ir_tunnel_wood_med.all
50495cc5802230a6,jup_bigmap_lowtown.all
4ffca0ef8434ead1,jup_bigmap_oldtown.all
6e394266ec6440ee,jup_bigmap_outpost.all
77ec6a9f7a7f3950,jup_bigmap_village.all
4053561f4b5fa520,jup_ob_eqp_kasimir.all
627ae3c4172fb4a4,mp_gamemode_temp_v.all
67c51154afe3e17f,palfa_estate_infil.all
9fdffdcc8ea148d,iw9_operators_s4.english
34abc05f3ad37bf5,saba_cp_mission_esc.all
25792614b1095834,weapon_gunship_25mm.all
394646f56031be35,weapon_gunship_40mm.all
5e40a60634628252,weapon_iw9_me_knife.all
6b7da9a5f03b1f08,weapon_lm_dblmg_npc.all
7c6ed8d313463f7e,eqp_butterfly_mines.all
242acdf3c99bf56,foley_bag_bgfull_npc.all
6971ebdf74365e59,ir_hallway_wood_lrg.all
6e1d25d6790cd16e,ir_hallway_wood_sml.all
28cf9c160c79c2ec,ir_tunnel_stone_sml.all
beaaf7519c3c837,ir_ventilation_shaft.all
4aeb4afc5dc56c6c,jup_veh_jltv_zombie.all
164f7a2053712b49,kls_jup_drone_swarm.all
4d597c13c1299c74,weapon_t10_me_drill.all
14581fda356ef40f,eqp_deployable_cover.all
d6fe05010835763,foley_cloth_nylon_plr.all
65d35ccd6141ecdb,foley_cloth_suit_npc.all
7b1f2e30be49070a,foley_cloth_suit_plr.all
6266d46615cd1875,ingame_shared_mp.english
187d3292e5ad4aae,iw9_operators_s1.english
15824062a35b253f,iw9_operators_s2.english
6387b24fb3b705ac,iw9_operators_s3.english
3d5c3a77ae5e70ca,iw9_operators_s5.english
15f5534d7747d57b,iw9_operators_s6.english
3b8461ec945a6df0,mp_gamemode_lockdown.all
b91c57a2a3f3478,weapon_iw9_me_pickaxe.all
2ce3bf98a343d5a7,foley_bag_bgfull_plr.all
1a515c413d88a552,foley_bag_bghalf_npc.all
34f23e1aee4c0783,foley_bag_bghalf_plr.all
4a6a002793e39358,ir_room_concrete_lrg.all
35ed3b7751f5ae75,ir_room_concrete_med.all
33864f22913d4ec7,ir_room_concrete_sml.all
397c41a44a4bf9ab,jup_mode_s1_terminus.all
3fb2b56f0906d308,merged_ingame_mp.english
ecce8f4af74a8f3,weapon_t10_zm_dg2_npc.all
6b4fe25e68dd031,eqp_extraction_balloon.all
490e06c95b064394,foley_cloth_cloth_npc.all
1daefc26df094b91,foley_cloth_cloth_plr.all
382ef60aa845f332,foley_cloth_nylon_npc.all
dc8d570a5d3769f,foley_gear_scubagr_plr.all
2acba7983f2d1a5b,merged_ingame_base_mp.all
1c99b39fbedb610f,mp_gamemode_br_exfils.all
7fe5420e4d6deb6d,mp_gamemode_br_infils.all
3496c740840316,weapon_iw9_la_kgolf_plr.all
149be118da8e1bb5,weapon_iw9_me_sword01.all
3f84eaf063d1046,weapon_iw9_sm_beta_plr.all
aa876e5bcdf700,ir_hallway_concrete_sml.all
5e52ab2d33f7cf82,ir_submarine_interior.all
7b64505a00231cfd,jup_bigmap_industrial.all
3d0748a424f05c71,kls_jup_remote_turret.all
6206d55a8e039845,weapon_jup_zm_dg2_npc.all
20b849760c531120,weapon_jup_zm_dg2_plr.all
baa7b53ea2781,weapon_t10_ar_fresno_npc.all
224e748b2958c677,weapon_t10_me_cleaver.all
384d5f2aa9b4d35e,weapon_t10_me_katanas.all
cefeb32ea69bea8,weapon_t10_sl_napa_npc.all
1ed77de315d19b42,weapon_t10_zm_dg2_plr.all
316409b1edae0ae,weapon_sat_ar_hawk_npc.all
be2c96c261e6a7a,weapon_sat_sm_orca_plr.all
756c0885ec29b881,foley_cloth_poncho_npc.all
2c18c89dfb5906bc,foley_cloth_poncho_plr.all
4590b8a993738b3,foley_gear_milmedgr_plr.all
30f60703c364302e,foley_gear_scubagr_npc.all
2abcdba075657071,veh9_common_amphibious.all
665bc38a7a0f7740,vehicle_lbravo_physics.all
610d2435d98e9bae,weapon_gunship_25mm_mp.all
40d7ae9ca3c7704d,weapon_gunship_40mm_mp.all
e30884ace8c9410,weapon_gunship_hellfire.all
fdbabb2436efff5,weapon_iw9_ar_mike4_plr.all
11f23e521cc1be,weapon_iw9_dm_mike14_plr.all
fc0d4f4e4a58518,weapon_iw9_dm_sbeta_plr.all
a709290e59ab1a0,weapon_iw9_lm_rkilo_plr.all
38a52f608adb056,weapon_iw9_pi_decho_plr.all
a8e1fd3ecc22536,weapon_iw9_sm_apapa_npc.all
41cd629f4fe144d7,weapon_iw9_sm_beta_npc.all
6d5349ec0597d89e,br_codmas_zombie_santa.all
1e0475a17ac7670,jup_bigmap_militarybase.all
e95c23cff078859,merged_global_shared_mp.all
b60c62de78d0527,weapon_jup_sm_pmike_npc.all
cd770715496dcf9,weapon_jup_sm_uzulu_plr.all
f8cb25b5c14bfaf,weapon_t10_ar_fable_plr.all
4e4f74d525550d50,weapon_t10_ar_kent_npc.all
293b058bbb45354d,weapon_t10_ar_kent_plr.all
6f1fb1b962feddbc,weapon_t10_lm_mesa_npc.all
1f0a56d6fcbddc39,weapon_t10_lm_mesa_plr.all
4e4a1cd89c010407,weapon_t10_me_bo_staff.all
132d9b54ca7c1654,weapon_t10_me_nunchaku.all
292d63763e53e785,weapon_t10_sl_napa_plr.all
6b290f24c2e88bd9,weapon_t10_sn_hugo_npc.all
24eea2ac2865c374,weapon_t10_sn_hugo_plr.all
15bd6c700951ef6c,weapon_t10_zm_bahc_npc.all
42e665fa46b6f889,weapon_t10_zm_bahc_plr.all
5fe90f08014a271f,weapon_sat_ar_hawk_plr.all
1cb734e3c7b7bf2b,weapon_sat_sm_orca_npc.all
1b64cb1720d804d0,foley_cloth_flowing_npc.all
76505bcdb6c82ccd,foley_cloth_flowing_plr.all
563ce3b55cdf6a64,foley_cloth_ghillie_npc.all
399dda7762c27301,foley_cloth_ghillie_plr.all
7f166102ba1056c5,foley_cloth_leather_npc.all
3dc7d51e385fcfa0,foley_cloth_leather_plr.all
1abf6d4873ad58d5,foley_cloth_spandex_npc.all
2810b5cf5806d190,foley_cloth_spandex_plr.all
2cccbf29ec4ed1b1,foley_cloth_wetsuit_npc.all
35af80545844c00c,foley_cloth_wetsuit_plr.all
7ecb2975d0ecf449,foley_gear_milhvygr_npc.all
5e17379b5ba67d04,foley_gear_milhvygr_plr.all
46db15401e5d40e2,foley_gear_milmedgr_npc.all
3d5604e7a2e22975,foley_gear_strapsgr_npc.all
4d5149436c5d59b0,foley_gear_strapsgr_plr.all
3f7ee2be29df7402,foley_gear_wstmedgr_npc.all
39760bfb7b9b26d3,foley_gear_wstmedgr_plr.all
cf7c339206f20ad,rev_veh9_mil_lnd_utv_npc.all
3de3a4cadacc9f9c,weapon_iw9_ar_akilo_npc.all
18044e187a4a0799,weapon_iw9_ar_akilo_plr.all
2694a7a2b1f90109,weapon_iw9_ar_fecho_npc.all
4b2713337de172c4,weapon_iw9_ar_fecho_plr.all
159ec761388f9887,weapon_iw9_ar_golf3_npc.all
55f583b624faa256,weapon_iw9_ar_golf3_plr.all
7e4ac97e642d8738,weapon_iw9_ar_mike4_npc.all
424adee086e564be,weapon_iw9_dm_la700_npc.all
13af43d63366730f,weapon_iw9_dm_la700_plr.all
ed99607a842c966,weapon_iw9_dm_pgolf1_plr.all
1dffe52b1788e75f,weapon_iw9_dm_sa700_npc.all
4dc87135ddcddb6e,weapon_iw9_dm_sa700_plr.all
2d5d1e5b9a3e4c5d,weapon_iw9_dm_sbeta_npc.all
4343da7256fc2247,weapon_iw9_la_kgolf_npc.all
4edeafce128ab57,weapon_iw9_la_rpapa7_npc.all
2ddfc5dd1f138110,weapon_iw9_lm_dblmg_npc.all
62b6568ecfe8270d,weapon_iw9_lm_dblmg_plr.all
4bbf1e75674b38c5,weapon_iw9_lm_rkilo_npc.all
4751a79310ea2352,weapon_iw9_lm_slima_npc.all
61f2896cc1ad8583,weapon_iw9_lm_slima_plr.all
433396a11c42a687,weapon_iw9_pi_decho_npc.all
687d84cacdcbecdd,weapon_iw9_sh_vecho_npc.all
4ae13b6418332598,weapon_iw9_sh_vecho_plr.all
1b64ff9f5ec2d987,weapon_iw9_sm_apapa_plr.all
331bbf25a33a9f9,weapon_iw9_sm_papa90_plr.all
4a8fb8160f40d394,weapon_iw9_sm_uzulu_npc.all
1f30ad739343db91,weapon_iw9_sm_uzulu_plr.all
50d81f0050187eeb,weapon_iw9_sn_india_npc.all
6b80de05fb06643a,weapon_iw9_sn_india_plr.all
3000fffad624df2b,weapon_iw9_sn_limax_npc.all
1f2c9483348b8a7a,weapon_iw9_sn_limax_plr.all
a546053c6240dbc,br_codmas_deck_the_halls.all
47dc6406bf5205bb,eqp_thermobaric_grenade.all
8a5b514463ab2b1,ir_stone_house_semi_open.all
b69c853cd3a5d9c,weapon_jup_ar_golf36_plr.all
84a53c8926d247,weapon_jup_dm_bromeop_plr.all
c681d23119a96ff,weapon_jup_la_dromeo_plr.all
fcb73bba4747f56,weapon_jup_me_pdango_npc.all
2c5fab6685d66aa6,weapon_jup_me_spear_npc.all
5af49f1531297a57,weapon_jup_me_spear_plr.all
fd816206501a4cf,weapon_jup_pi_mike93_plr.all
748ab12b3b5d9176,weapon_jup_sm_pmike_plr.all
5986cb53b7f4b57c,weapon_jup_sm_uzulu_npc.all
f47e33e1b5c2d27,weapon_jup_sm_uzulup_plr.all
64f2235d2d0ca02,weapon_jup_sn_moscar_plr.all
88da2996dd98294,weapon_jup_zm_raygun_npc.all
74a65218704d8eff,weapon_t10_ar_aspen_npc.all
778dde1e4bb0af0e,weapon_t10_ar_aspen_plr.all
699f3a93b30a0ead,weapon_t10_ar_clove_npc.all
19cd7237ffa70748,weapon_t10_ar_clove_plr.all
3b7e5190ca71f9de,weapon_t10_ar_fable_npc.all
14ff84f1ea874b59,weapon_t10_dmr_erie_npc.all
4ec51879500482f4,weapon_t10_dmr_erie_plr.all
7a91723f3869586f,weapon_t10_lm_uxray_npc.all
4b7172d62f2a1d9e,weapon_t10_lm_uxray_plr.all
269efc9df399f07e,weapon_t10_pi_goslo_npc.all
10835922fdc0dbcf,weapon_t10_pi_goslo_plr.all
2c2712549b501243,weapon_t10_pi_mable_npc.all
69ba54e9782f92f2,weapon_t10_pi_mable_plr.all
311ed98f515cdbc6,weapon_t10_smg_saug_npc.all
433f9e7b22e4d1f7,weapon_t10_smg_saug_plr.all
711f9139b5d3c06,weapon_t10_sn_droger_plr.all
aeb2ac59827a1f2,weapon_t10_zm_raygun_npc.all
35beff6ec3afd2c7,weapon_sat_ar_eagle_npc.all
72afbbc3ad37b396,weapon_sat_ar_eagle_plr.all
41c96fa27bd15301,weapon_sat_la_polis_plr.all
5e6878e075ee4a64,weapon_sat_la_polis_npc.all
23022bf4d4d56b36,weapon_sat_lm_hades_npc.all
33d90bc046d61f87,weapon_sat_lm_hades_plr.all
2fa85d8a6a10073c,weapon_sat_pi_atlas_npc.all
5f9302a803cf05b9,weapon_sat_pi_atlas_plr.all
28a12ae24def50ab,weapon_sat_pi_timir_plr.all
75205666a9ba3d1a,weapon_sat_pi_timir_npc.all
24a9167281448500,weapon_sat_sh_corso_plr.all
65f8a25702f6bf25,weapon_sat_sh_corso_npc.all
5fb9ac584f713f93,weapon_sat_sh_husky_npc.all
69b44571cdc95162,weapon_sat_sh_husky_plr.all
ebc5a9271160ba4,weapon_sat_sm_komodo_plr.all
313b3397986a60e5,weapon_sat_sm_zebra_plr.all
43e1e5d193ec4e08,weapon_sat_sm_zebra_npc.all
618ae1b74f45e39,weapon_sat_sn_baltic_plr.all
192dd675b295fc58,weapon_sat_sn_drake_npc.all
6d89818b9d344895,weapon_sat_sn_drake_plr.all
3f83de784732f3a5,delta_district_townhouse.all
2f4b32153b5dadf5,foley_gear_millghtgr_npc.all
3f46767104d8de30,foley_gear_millghtgr_plr.all
5a35c47e110fe395,foley_gear_wstlghtgr_npc.all
6aee0d04f84e3850,foley_gear_wstlghtgr_plr.all
292080e112583863,rev_veh9_civ_sea_pwc_npc.all
12ecf21e59806492,rev_veh9_civ_sea_pwc_plr.all
395a3134c681bc89,rev_veh9_mil_lnd_atv_npc.all
5dec9cc5926a2e44,rev_veh9_mil_lnd_atv_plr.all
3d25fadd6d0c1948,rev_veh9_mil_lnd_utv_plr.all
62193eeae6df8a5,rev_veh9_mil_sea_rhib_plr.all
2daed75929422a5a,rev_veh9_type_07_atv_npc.all
1be94e698c4854eb,rev_veh9_type_07_atv_plr.all
4a42f053e193c846,veh9_mil_air_heli_medium.all
d17fa39572d462f,weapon_iw9_ar_akilo74_npc.all
7ab3351bb3f3bd12,weapon_iw9_ar_augolf_npc.all
7cd51f660712f543,weapon_iw9_ar_augolf_plr.all
236779afdffb69a6,weapon_iw9_ar_falpha_npc.all
51fc6d5e8b4e7957,weapon_iw9_ar_falpha_plr.all
65736a26758991da,weapon_iw9_ar_helima_npc.all
53ade136d88fbc6b,weapon_iw9_ar_helima_plr.all
496a7ce57f7c181d,weapon_iw9_ar_kilo53_npc.all
711590ea0b13ecd8,weapon_iw9_ar_kilo53_plr.all
776d4bfed75be987,weapon_iw9_ar_malima_npc.all
37c40853c3c6f356,weapon_iw9_ar_malima_plr.all
612638770523fb05,weapon_iw9_ar_mike16_npc.all
6d8d8215312434e0,weapon_iw9_ar_mike16_plr.all
3293be2484bd4a9a,weapon_iw9_ar_ralpha_npc.all
661492a028f25e2b,weapon_iw9_ar_ralpha_plr.all
5b25a955d45eb834,weapon_iw9_br_msecho_npc.all
620ec930aaad9931,weapon_iw9_br_msecho_plr.all
674098673509a90f,weapon_iw9_dm_mike14_npc.all
62589affc85a658c,weapon_iw9_dm_mike24_npc.all
3e64bf075529d1a9,weapon_iw9_dm_mike24_plr.all
2333a9f309e852f7,weapon_iw9_dm_pgolf1_npc.all
625f0c7358327a55,weapon_iw9_la_golf25_npc.all
254f2ca6ced11845,weapon_iw9_la_gromeo_npc.all
6400a0c24d209120,weapon_iw9_la_gromeo_plr.all
76aa445da28e8977,weapon_iw9_la_juliet_npc.all
6250307240e8ffe6,weapon_iw9_la_juliet_plr.all
522f5a3757a6356b,weapon_iw9_la_mike32_npc.all
6cd8193d02941aba,weapon_iw9_la_mike32_plr.all
4718d70c978476c6,weapon_iw9_la_rpapa7_plr.all
72f498b72583ea43,weapon_iw9_lm_ahotel_npc.all
3087db4c02636af2,weapon_iw9_lm_ahotel_plr.all
57135772bbaa7898,weapon_iw9_lm_kilo21_npc.all
1d985ff8d25ce7d5,weapon_iw9_lm_kilo21_plr.all
62c15974b13848d3,weapon_iw9_lm_mkilo3_npc.all
758a1d0699df3ba2,weapon_iw9_lm_mkilo3_plr.all
4ef805cd7db9399b,weapon_iw9_lm_ngolf7_npc.all
1efb79c5998e04ca,weapon_iw9_lm_ngolf7_plr.all
44007c5b471a16d8,weapon_iw9_pi_golf17_npc.all
185c277131b86315,weapon_iw9_pi_golf17_plr.all
718652cb9d3a9ecd,weapon_iw9_pi_golf18_npc.all
7ae3863fe6faa3e8,weapon_iw9_pi_golf18_plr.all
2d58d79a33c6c02,weapon_iw9_pi_papa220_npc.all
65135e82f41356a0,weapon_iw9_pi_tango9_npc.all
7ada309b989badbd,weapon_iw9_pi_tango9_plr.all
3686722cf743a331,weapon_iw9_sh_mbravo_npc.all
3f6933576339918c,weapon_iw9_sh_mbravo_plr.all
2fc3d7045b776c8b,weapon_iw9_sm_mpapa5_npc.all
1eef6b8cb9de17da,weapon_iw9_sm_mpapa5_plr.all
76f71a7110a350ad,weapon_iw9_sm_mpapa7_npc.all
272552155d404948,weapon_iw9_sm_mpapa7_plr.all
140fe4c98ee64078,weapon_iw9_sm_mpapax_npc.all
2e6ff175d8784d35,weapon_iw9_sm_mpapax_plr.all
4fe116d4bd91827c,weapon_iw9_sm_papa90_npc.all
3829b2febc7b96e6,weapon_iw9_sm_victor_npc.all
237973ba8b269997,weapon_iw9_sm_victor_plr.all
780b251cf5b19399,weapon_iw9_sn_mromeo_npc.all
6c71c11012aa8034,weapon_iw9_sn_mromeo_plr.all
1681c4fb7bdb4f51,weapon_iw9_sn_walpha_npc.all
4e46b0a33739edac,weapon_iw9_sn_walpha_plr.all
22804c591b8c293c,weapon_iw9_tu_mike19_npc.all
526af176b54b27b9,weapon_iw9_tu_mike19_plr.all
ef938bd769c4fd4,weapon_iw9_tu_mike242_npc.all
49032c88d0cd2118,jup_frontend_firingrange.all
3a91044eda0f3498,jup_mode_s1_terminus.english
7ef30c6bc3c978e1,weapon_jup_ar_golf36_npc.all
5625c30b1d3f7b2c,weapon_jup_br_xmike5_npc.all
2cc9bc9a42a32f49,weapon_jup_br_xmike5_plr.all
2d1b0647772472b0,weapon_jup_dm_slima8_npc.all
61f196f927f918ad,weapon_jup_dm_slima8_plr.all
2f964eb62f2d038e,weapon_jup_la_dromeo_npc.all
b363867f4d8fd56,weapon_jup_lm_evictor_npc.all
5707409a8ee0c914,weapon_jup_lm_halpha_npc.all
2ba835f812e3d111,weapon_jup_lm_halpha_plr.all
2c876a329b894563,weapon_jup_lm_pkilop_npc.all
1653db6fe2b17192,weapon_jup_lm_pkilop_plr.all
3a6c86750b1e95a7,weapon_jup_me_pdango_plr.all
2624beb525e51a3a,weapon_jup_me_shotel_npc.all
1708319a6e0b494b,weapon_jup_me_shotel_plr.all
97297b13e82542a,weapon_jup_pi_glima21_plr.all
25f3b99b5adab97e,weapon_jup_pi_mike93_npc.all
62f95a96e4766b86,weapon_jup_pi_mpapa9_npc.all
4f051f7dd0e2dfb7,weapon_jup_pi_mpapa9_plr.all
74a2926bf541150c,weapon_jup_pi_uzulum_npc.all
50aeb67382108129,weapon_jup_pi_uzulum_plr.all
322cd5318747e99,weapon_jup_sh_spapa12_plr.all
64a6d084b4b216d6,weapon_jup_sm_uzulup_npc.all
23612787f80a2118,weapon_jup_sn_boscar_npc.all
69e6300e0ebc9055,weapon_jup_sn_boscar_plr.all
76438d476c7224b3,weapon_jup_sn_moscar_npc.all
5d2e97f6f1dc8a91,weapon_jup_zm_raygun_plr.all
40ece1b998f57063,weapon_t10_ar_able18_npc.all
2ab952f6e01d9c92,weapon_t10_ar_able18_plr.all
36b86a93631975bc,weapon_t10_ar_fresno_plr.all
59c0c07b6b92ecc4,weapon_t10_ar_gilroy_npc.all
5384ea2b633a7b61,weapon_t10_ar_gilroy_plr.all
383b67f86b1bfc5d,weapon_t10_ar_love85_npc.all
1a9f1e91b5833518,weapon_t10_ar_love85_plr.all
39fef1c619ca1e6b,weapon_t10_ar_rmary2_npc.all
54a7b0cbc4b803ba,weapon_t10_ar_rmary2_plr.all
5c77d7657b902913,weapon_t10_ar_tbaker_npc.all
6672707ef9e83ae2,weapon_t10_ar_tbaker_plr.all
5dbf77b9e8c680db,weapon_t10_dmr_aeasy_npc.all
730b491d45cd9b0a,weapon_t10_dmr_aeasy_plr.all
4fc685bcf923249f,weapon_t10_me_skateboard.all
4f75fe90237c157a,weapon_t10_pi_stiger_npc.all
6f3d9bf2bb0e5a8b,weapon_t10_pi_stiger_plr.all
75653d4355736267,weapon_t10_smg_perth_npc.all
5c8cfdc844bb5fb6,weapon_t10_smg_perth_plr.all
112974095e54eb79,weapon_t10_smg_safox_npc.all
15fbe13e8c62df94,weapon_t10_smg_safox_plr.all
1b6b0cfefd011297,weapon_t10_sn_droger_npc.all
56fb5685351c7567,weapon_t10_sn_love96_npc.all
3e23170a246472b6,weapon_t10_sn_love96_plr.all
254983ca20d35c15,weapon_t10_sn_mary82_npc.all
3601cc510811b0d0,weapon_t10_sn_mary82_plr.all
a766a8be9467aa6,weapon_t10_sn_ultiger_npc.all
13a0b734db795cef,weapon_t10_zm_jetgun_npc.all
6480b7cbd23a221e,weapon_t10_zm_jetgun_plr.all
3bf03f8d3ab13d23,weapon_t10_zm_raygun_plr.all
139101ee2305a2aa,weapon_sat_ar_condor_npc.all
27eb35d984ab629b,weapon_sat_ar_condor_plr.all
21df075e67839aa5,weapon_sat_dm_scotia_plr.all
5dffb99d4b027fc8,weapon_sat_dm_scotia_npc.all
6a29ef01a52d99e9,weapon_sat_sm_komodo_npc.all
562e08fddb355fbc,weapon_sat_sn_baltic_npc.all
64a1bee7d7cdb65d,foley_cloth_vestheavy_npc.all
470575812234ef18,foley_cloth_vestheavy_plr.all
2aa05bd2a312fd1a,foley_cloth_vestlight_npc.all
5e21304e474810ab,foley_cloth_vestlight_plr.all
359685805298707e,rev_veh9_mil_lnd_jltv_npc.all
1f7ae2055cbf5bcf,rev_veh9_mil_lnd_jltv_plr.all
5f689ba3cff3aa98,rev_veh9_mil_lnd_mrap_npc.all
25eda429e6a619d5,rev_veh9_mil_lnd_mrap_plr.all
3593e6c65b5f5cc6,rev_veh9_mil_lnd_tank_npc.all
47b4abb22ce752f7,rev_veh9_mil_lnd_tank_plr.all
4242462d91ecddc8,rev_veh9_mil_sea_rhib_npc.all
34ce214c8f29a2d0,weapon_ar_mike4_npc_radio.all
233f583b8f1ea75e,weapon_iw9_ar_akilo74_plr.all
5c6daf5376b8b81e,weapon_iw9_ar_mcbravo_npc.all
5f5f3a9b57c5e0ef,weapon_iw9_ar_mcbravo_plr.all
7d9656e4eeda1f42,weapon_iw9_ar_schotel_npc.all
3b144d2f69b41713,weapon_iw9_ar_schotel_plr.all
58534121a1a7db22,weapon_iw9_dm_scromeo_npc.all
3be63771019d54f3,weapon_iw9_dm_scromeo_plr.all
a99141747b440f6,weapon_iw9_dm_stango25_plr.all
4b3049b5984a5e4b,weapon_iw9_la_mike203_npc.all
543e255a07edcd62,weapon_iw9_lm_foxtrot_npc.all
11bc1ba482c7c533,weapon_iw9_lm_foxtrot_plr.all
1b0880c51b57e2c4,weapon_iw9_mg_bravo50_npc.all
14ccaa7512ff7161,weapon_iw9_mg_bravo50_plr.all
5f09a205646944cf,weapon_iw9_mg_mack240_npc.all
32929e71404a0e7e,weapon_iw9_mg_mack240_plr.all
185b9e72611b2ca,weapon_iw9_pi_dechov15_plr.all
5e8341d5c494572,weapon_iw9_pi_mike2011_npc.all
7cccb6b6f4f81ed3,weapon_iw9_pi_papa220_plr.all
22b9fac9a1eebf6d,weapon_iw9_pi_romeo18_npc.all
2cd3326909703608,weapon_iw9_pi_romeo18_plr.all
46afe75df24e7bc6,weapon_iw9_sh_mviktor_npc.all
58d0ac49c3d671f7,weapon_iw9_sh_mviktor_plr.all
5f73eff29a68b829,weapon_iw9_sm_alpha57_npc.all
3ebefe1825208de4,weapon_iw9_sm_alpha57_plr.all
3d14888ae94e3539,weapon_iw9_sm_aviktor_npc.all
2ed028a92123b754,weapon_iw9_sm_aviktor_plr.all
572d3d8b6b304421,weapon_iw9_sn_alpha50_npc.all
34bfcef6253512dc,weapon_iw9_sn_alpha50_plr.all
15e358984cece3d1,weapon_iw9_tu_mike242_plr.all
2f51ab1c75114f56,ir_outdoor_with_delay_lrg.all
481413a434f2bda8,merged_ingame_base_mp.english
6291a6f5f392818f,mp_gamemode_br_exfils_jup.all
6c0404a134efd99d,mp_gamemode_br_infils_jup.all
b96750773a2203d,weapon_jup_ar_qbravo97_npc.all
614e4ad5217921f3,weapon_jup_br_bromeo2_npc.all
7158dfc387d61442,weapon_jup_br_bromeo2_plr.all
96883180979052,weapon_jup_dm_acharlied_plr.all
6c47c5711442f4f6,weapon_jup_dm_bromeop_npc.all
7a0d10dfbc1900c,weapon_jup_dm_compound_plr.all
5e9d2e272f5a9444,weapon_jup_dm_kappa98_npc.all
586157d7270222e1,weapon_jup_dm_kappa98_plr.all
68bbb12eac7000bc,weapon_jup_la_ubflima_npc.all
18a6564c462eff39,weapon_jup_la_ubflima_plr.all
35d74b215b8313a7,weapon_jup_lm_evictor_plr.all
5ae0a1b1971874a8,weapon_jup_lm_mgolf36_npc.all
771e19f4eb029d85,weapon_jup_lm_mgolf36_plr.all
4e0490072a7a25ea,weapon_jup_lm_rpapa20_npc.all
625dc3f28c1e32db,weapon_jup_lm_rpapa20_plr.all
76d0c222c69cf17b,weapon_jup_pi_glima21_npc.all
2902240578f7169c,weapon_jup_sh_spapa12_npc.all
344c44d080eecfda,weapon_jup_sm_talpham_npc.all
2286bbe0e3f4fa6b,weapon_jup_sm_talpham_plr.all
5318aec3cb70d36f,weapon_jup_sm_umike45_npc.all
23f8af5ac231989e,weapon_jup_sm_umike45_plr.all
74f831b394025a7e,weapon_jup_sn_hsierra_npc.all
5edc8e389e2945cf,weapon_jup_sn_hsierra_plr.all
545990e302cbfea2,weapon_jup_sn_svictor_npc.all
37ec873262c17873,weapon_jup_sn_svictor_plr.all
620ded68763e4c0f,weapon_t10_ar_aking74_npc.all
7adf473f935164be,weapon_t10_ar_aking74_plr.all
27cf57c98c697db,weapon_t10_ar_coslo723_plr.all
5bcbe8c2e981ec99,weapon_t10_dmr_falove_npc.all
503284b6067ad934,weapon_t10_dmr_falove_plr.all
48ad352aea715fc9,weapon_t10_dmr_svalor_npc.all
27f94350752ae884,weapon_t10_dmr_svalor_plr.all
2b8eeaefb28bedd5,weapon_t10_me_bgloves_npc.all
38e0337696e56690,weapon_t10_me_bgloves_plr.all
12e406a9b67a06ac,weapon_t10_pi_paris30_npc.all
69880038dbddbac9,weapon_t10_pi_paris30_plr.all
3c8deee4f11c170e,weapon_t10_pi_usugar9_npc.all
195fbd51d389aa7f,weapon_t10_pi_usugar9_plr.all
1229a8d4f6e6e2ad,weapon_t10_sh_jhavana_npc.all
4257e0794383db48,weapon_t10_sh_jhavana_plr.all
41d2b09fe5ef8eb8,weapon_t10_sh_uncle12_npc.all
536392d3c5310775,weapon_t10_sh_uncle12_plr.all
30bae6323bac354d,weapon_t10_smg_chuck9_npc.all
3a1819a6856c3a68,weapon_t10_smg_chuck9_plr.all
2ab8089c985bd6a8,weapon_t10_smg_geasy9_npc.all
46f580dfec45ff85,weapon_t10_smg_geasy9_plr.all
3937139f2b465709,weapon_t10_smg_lisbon_npc.all
5dc97f2ff72ec8c4,weapon_t10_smg_lisbon_plr.all
695e1eea87e5cac9,weapon_t10_smg_schuck_npc.all
48aa2d10129f5384,weapon_t10_smg_schuck_plr.all
389bc75440223e1,weapon_t10_smg_sroger3_npc.all
390b5e3a94998a57,weapon_t10_sn_ultiger_plr.all
9b6482b453436ed,weapon_sat_ar_hawk_npc_sup.all
45bb39863bedfb0,eqp_personal_redeploy_drone.all
5ccbda6a6141e633,rev_veh9_ind_lnd_talfa_npc.all
2ca4fd7740ae0382,weapon_gunship_hellfire_mp.all
6ee08759390b1082,weapon_iw9_ar_akilo105_npc.all
68d7b0968ac6c353,weapon_iw9_ar_akilo105_plr.all
fa7d2848054b384,weapon_iw9_ar_golf3_npc_sup.all
a21636b013cef65,weapon_iw9_ar_golf3_plr_sup.all
59f93edc0b9a9123,weapon_iw9_ar_mcharlie_npc.all
14e2859c03585a52,weapon_iw9_ar_mcharlie_plr.all
6f999a49a469ad61,weapon_iw9_ar_scharlie_npc.all
7c105631adda921c,weapon_iw9_ar_scharlie_plr.all
5932aab689f336d4,weapon_iw9_ar_scsierra_npc.all
601cca916043cad1,weapon_iw9_ar_scsierra_plr.all
2645f447f4085c48,weapon_iw9_br_ngsierra_npc.all
6a25420910897725,weapon_iw9_br_ngsierra_plr.all
2addbeb3b26db86f,weapon_iw9_br_soscar14_npc.all
7bbdbf4aa92e7d9e,weapon_iw9_br_soscar14_plr.all
7b13818bc981c80c,weapon_iw9_dm_crossbow_npc.all
571fa59356513429,weapon_iw9_dm_crossbow_plr.all
8d5d6c9c3f3899c,weapon_iw9_dm_la700_plr_sup.all
216f2919f3e3b4a7,weapon_iw9_dm_stango25_npc.all
b483135a8609cea,weapon_iw9_dm_xmike2010_plr.all
ad81b63414e185d,weapon_iw9_pi_dechoauto_plr.all
36ed48e4fed2e0a3,weapon_iw9_pi_mike2011_plr.all
4c9167a35f2a4471,weapon_iw9_pi_swhiskey_npc.all
5e415346356d60cc,weapon_iw9_pi_swhiskey_plr.all
1115f67fb1f0a8fe,weapon_iw9_sh_mike1014_npc.all
7afa5304bc17944f,weapon_iw9_sh_mike1014_plr.all
363d6dd628dbe2d4,weapon_iw9_sh_mike1100_npc.all
8f2b2718c6357fe,weapon_iw9_sh_tsierra12_plr.all
7347a383c188484,weapon_iw9_sm_apapa_plr_sup.all
7ea410d5d9a0d854,weapon_iw9_sm_beta_npc_sup.all
4322dc76889d2955,weapon_iw9_sm_beta_plr_sup.all
4231f56c4164d75f,weapon_iw9_sm_mpapa5v9_plr.all
26a3c5275c7f73ab,weapon_iw9_sn_india_npc_v5.all
73b92f9c1d157e2c,weapon_iw9_sn_india_plr_v5.all
2e18ac3e8582660,weapon_iw9_sn_india_v15_npc.all
5918fc596a80b7d,weapon_iw9_sn_india_v15_plr.all
67b51b5ed3ec62f1,weapon_iw9_sn_indiav10_plr.all
af19184362661b8,weapon_iw9_sn_limax_npc_sup.all
2768006ee759bd4a,ir_room_concrete_glass_med.all
2024180a409e8d0d,rev_veh_jup_truck_tech_npc.all
7a9e21013af42f28,rev_veh_jup_truck_tech_plr.all
29511381f83d8ecf,weapon_jup_ar_acharlie_npc.all
7cda0fedd41e587e,weapon_jup_ar_acharlie_plr.all
5f6ba5342d3e33b5,weapon_jup_ar_balpha27_npc.all
69febf178f4dabf0,weapon_jup_ar_balpha27_plr.all
29d68de47961051b,weapon_jup_ar_qbravo95_npc.all
79da01dc9535d04a,weapon_jup_ar_qbravo95_plr.all
6dfa2ba0be0958f8,weapon_jup_ar_qbravo97_plr.all
51add7a48d5c9a12,weapon_jup_ar_stango44_npc.all
53cfc1eee07bd243,weapon_jup_ar_stango44_plr.all
5348c7a61d5f5f0a,weapon_jup_ar_talpha95_npc.all
38bed1142f9908fb,weapon_jup_ar_talpha95_plr.all
7ebe0fe38fcba1b1,weapon_jup_dm_compound_npc.all
7265303bb9816fa7,weapon_jup_dm_svictork_npc.all
5b8f1b390d51fbf6,weapon_jup_dm_svictork_plr.all
7481def06f02ab4e,weapon_jup_sh_recho870_npc.all
169b0ac892a0dabf,weapon_jup_sh_recho870_plr.all
327003d1dec3b6c5,weapon_jup_sm_kpappa50_npc.all
712177ed5d132fa0,weapon_jup_sm_kpappa50_plr.all
288e29e24712ed6b,weapon_jup_sm_lwhiskey_npc.all
4336e8e7f200d2ba,weapon_jup_sm_lwhiskey_plr.all
690523098889ceb2,weapon_jup_sn_cdelta50_npc.all
3e460d4ef0c732e3,weapon_jup_sn_cdelta50_plr.all
2ab0b803256a3e33,weapon_jup_zm_humangun_npc.all
3abc4cf18bc8e382,weapon_jup_zm_humangun_plr.all
6e23c19137228aea,weapon_t10_ar_coslo723_npc.all
2ecd6a2c8b0817a7,weapon_t10_ar_kent_npc_sup.all
20c8bd12b8b19a2a,weapon_t10_ar_kent_plr_sup.all
1aeebee5177e0449,weapon_t10_lm_aroger10_npc.all
7a3acd0aa2378d04,weapon_t10_lm_aroger10_plr.all
6af8313667d61216,weapon_t10_lm_ksugar58_npc.all
7f361101dcbba267,weapon_t10_lm_ksugar58_plr.all
1ba21c35c1d78dd3,weapon_t10_lm_mesa_npc_sup.all
3fd7e9cc60116356,weapon_t10_lm_mesa_plr_sup.all
2653d630656074dc,weapon_t10_lm_puncle21_npc.all
3d304c8b283782d9,weapon_t10_lm_puncle21_plr.all
5f9a847b5412613f,weapon_t10_me_combat_knife.all
d5cce2e18233251,weapon_t10_pi_mable_plr_sup.all
167bcbe22da237e1,weapon_t10_sh_moslo500_npc.all
22f287ca37131c9c,weapon_t10_sh_moslo500_plr.all
b35e622bc25a454,weapon_t10_smg_pparis90_npc.all
2a21e85b886bbe1f,weapon_t10_smg_roger31_npc.all
436ca74f5593642e,weapon_t10_smg_roger31_plr.all
2865b2f11b26db4,weapon_t10_smg_saug_plr_sup.all
1000785d4d73089c,weapon_t10_smg_sroger3_plr.all
2b4f7e6f21d4a6b6,weapon_t10_sn_hugo_npc_sup.all
6a689ac7d79c48db,weapon_t10_sn_hugo_plr_sup.all
64139f350261c96d,weapon_t10_zm_drillgun_npc.all
6e2cd6d469e34008,weapon_t10_zm_drillgun_plr.all
1db50452085c892c,weapon_sat_ar_hawk_plr_sup.all
12f434e93005852,weapon_sat_sh_corso_npc_sup.all
6750ae4c6af9b989,weapon_sat_sm_orca_plr_sup.all
1d78f58546d741b8,weapon_sat_sm_orca_npc_sup.all
68f6976bde7ef3b6,mp_gamemode_br_exfils_delta.all
68af9e9daad1b3d8,mp_gamemode_br_infils_delta.all
5f1a746c1b859fd,rev_veh9_mil_lnd_acv_6x6_npc.all
686505da9e631bb9,weapon_ar_akilo47_npc_radio.all
558788cc03e4a2cb,weapon_ar_kilo433_npc_radio.all
220f4c803c885373,weapon_iw9_ar_akilo_npc_sup.all
43a89e9c52673976,weapon_iw9_ar_akilo_plr_sup.all
1d6e8f3f998a9fe6,weapon_iw9_ar_fecho_npc_sup.all
37252266c5b11d2b,weapon_iw9_ar_fecho_plr_sup.all
3916deef3155cc2e,weapon_iw9_ar_malima_v2_npc.all
15e9ad5c13c5129f,weapon_iw9_ar_malima_v2_plr.all
45d479fdc47c0d5f,weapon_iw9_ar_mike4_npc_sup.all
488497650fed2e62,weapon_iw9_ar_mike4_plr_sup.all
19f435d4115777fd,weapon_iw9_dm_la700_npc_sup.all
937b79e524ed1a3,weapon_iw9_dm_mike24_npc_sup.all
5a1848a2f16d416c,weapon_iw9_dm_sa700_npc_sup.all
47a6ee0e5c8592ad,weapon_iw9_dm_sa700_plr_sup.all
661b7918ad01ed3a,weapon_iw9_dm_sbeta_npc_sup.all
72e6fef8aeb7c7ff,weapon_iw9_dm_sbeta_plr_sup.all
3dedb91271abd63b,weapon_iw9_dm_xmike2010_npc.all
41007f477e142f32,weapon_iw9_lm_rkilo_npc_sup.all
375692051adaa9b7,weapon_iw9_lm_rkilo_plr_sup.all
61ab7f935ed0edf1,weapon_iw9_lm_slima_npc_sup.all
6018e4a8b4b67140,weapon_iw9_lm_slima_plr_sup.all
1edcdbb1dd07a184,weapon_iw9_pi_decho_npc_sup.all
19566c985defdd65,weapon_iw9_pi_decho_plr_sup.all
7511494a9cc5c140,weapon_iw9_pi_dechoauto_npc.all
3569b605b0828e4f,weapon_iw9_sh_tsierra12_npc.all
40496c2e1c97d5ba,weapon_iw9_sh_vecho_npc_sup.all
4d14f20e1e4db07f,weapon_iw9_sh_vecho_plr_sup.all
782bd8598b5c7343,weapon_iw9_sm_acharlie9_npc.all
35bf1aee683bf3f2,weapon_iw9_sm_acharlie9_plr.all
4052a4dc1a7d3785,weapon_iw9_sm_apapa_npc_sup.all
471873f3ae15d70b,weapon_iw9_sm_mpapa5v16_plr.all
111324af1d78bca,weapon_iw9_sm_mpapa7_npc_sup.all
dd6a2f8cd85804f,weapon_iw9_sm_sdelta_npc_sup.all
33bd5d25a2b5923b,weapon_iw9_sm_uzulu_npc_sup.all
142c0bc1083a7c9e,weapon_iw9_sm_uzulu_plr_sup.all
2e4465646e363978,weapon_iw9_sn_india_npc_sup.all
1154a63d7cb92749,weapon_iw9_sn_india_plr_sup.all
54c94a4b5a48d989,weapon_iw9_sn_limax_plr_sup.all
f3383d643feb583,weapon_iw9_sn_walpha_plr_sup.all
4643acd137646382,merged_global_shared_mp.english
4ef9b7ee694cad0d,weapon_jup_ar_bromeo805_npc.all
2973c0e563a24f28,weapon_jup_ar_bromeo805_plr.all
6d1823e5cc78d2ee,weapon_jup_br_aromeo200_npc.all
1d08f24dc404925f,weapon_jup_br_aromeo200_plr.all
3285cddd0134cdf,weapon_jup_br_hcharlie36_plr.all
45ad417188d9c723,weapon_jup_dm_acharlied_npc.all
6f2d28238199fbb,weapon_jup_lm_halpha_npc_sup.all
512c60bad3f9d5e1,weapon_jup_pi_rsierra12_npc.all
5da31ca2dd6aba9c,weapon_jup_pi_rsierra12_plr.all
f6a93947f5a3923,weapon_jup_pi_uzulum_npc_sup.all
382a44442088bd86,weapon_jup_sh_aromeo410_npc.all
2436092b0cf531b7,weapon_jup_sh_aromeo410_plr.all
10d77a45f33eff4e,weapon_jup_sm_coscar635_npc.all
32f0a61e16dd2ebf,weapon_jup_sm_coscar635_plr.all
3a59cbf02aa47a1c,weapon_jup_sm_pcharlie9_npc.all
147a753dca21e219,weapon_jup_sm_pcharlie9_plr.all
65383805109c2464,weapon_jup_sm_pmike_npc_sup.all
4405ab05a13e0dc5,weapon_jup_sm_pmike_plr_sup.all
60eb8459fb7e7993,weapon_jup_sm_uzulu_npc_sup.all
6562183b4bb85b16,weapon_jup_sm_uzulu_plr_sup.all
3d46ae370893c48,weapon_jup_sn_boscar_amp_plr.all
4c55554144084ae8,weapon_jup_zm_plasmagun_npc.all
1033a3026087b2c5,weapon_jup_zm_plasmagun_plr.all
708a1ee17a7ad60,weapon_t10_ar_able18_npc_sup.all
125264066ec4214c,weapon_t10_ar_aspen_npc_sup.all
217a16accc053a0d,weapon_t10_ar_aspen_plr_sup.all
5a7ce845b79129ca,weapon_t10_ar_clove_npc_sup.all
3251d413a3cd24af,weapon_t10_ar_clove_plr_sup.all
768b21547c7abcdd,weapon_t10_ar_fable_npc_sup.all
62cf46cfa6ba2bfc,weapon_t10_ar_fable_plr_sup.all
13b364edcce11e36,weapon_t10_dmr_erie_npc_sup.all
52cc814682a8c05b,weapon_t10_dmr_erie_plr_sup.all
596b7ce5e76dfff5,weapon_t10_dmr_sroger25_npc.all
6966c141b0e93030,weapon_t10_dmr_sroger25_plr.all
7c2839936f2dc7bc,weapon_t10_lm_uxray_npc_sup.all
6b1b1dc647746d9d,weapon_t10_lm_uxray_plr_sup.all
370efedd142613bd,weapon_t10_pi_goslo_npc_sup.all
785826caa4367b5c,weapon_t10_pi_goslo_plr_sup.all
4911f40a1ded6800,weapon_t10_pi_mable_npc_sup.all
13244f2e01bbb636,weapon_t10_sl_blauncher_npc.all
23fb2ef973bc6a87,weapon_t10_sl_blauncher_plr.all
122005fd92763851,weapon_t10_smg_pparis90_plr.all
ce819b863849196,weapon_t10_smg_safox_npc_sup.all
2e58d49e90916cd5,weapon_t10_smg_saug_npc_sup.all
4b790c40b87bba20,weapon_t10_zm_ice_staff_npc.all
613fde595d04113d,weapon_t10_zm_ice_staff_plr.all
28be2cd1fb10e99,weapon_t10_zm_sword_easy_plr.all
41ed21deffbe7c01,weapon_t10_zm_sword_fun_npc.all
7899e1f70eedca3c,weapon_t10_zm_sword_fun_plr.all
97499148cde9239,weapon_sat_ar_condor_npc_sup.all
580cc1d22df72ba5,weapon_sat_ar_eagle_plr_sup.all
60f830ebaff065c4,weapon_sat_ar_eagle_npc_sup.all
b55c035719a652f,weapon_sat_dm_scotia_npc_sup.all
3a4038cb546b2a84,weapon_sat_lm_hades_plr_sup.all
735e636f32cfdd85,weapon_sat_lm_hades_npc_sup.all
194a7549f48a0f53,weapon_sat_pi_atlas_npc_sup.all
3d8042e092c3e4d6,weapon_sat_pi_atlas_plr_sup.all
3aeb35a23aaaab38,weapon_sat_pi_timir_plr_sup.all
5f44847d7276eb69,weapon_sat_pi_timir_npc_sup.all
68f0af513e161e57,weapon_sat_sh_corso_plr_sup.all
5dd9e7e4ec518f01,weapon_sat_sh_husky_plr_sup.all
6e78096f39390810,weapon_sat_sh_husky_npc_sup.all
1aa84ad98e601a6f,weapon_sat_sm_zebra_npc_sup.all
637fe98eaf88aa12,weapon_sat_sm_zebra_plr_sup.all
da8e2d168690556,weapon_sat_sn_baltic_plr_sup.all
40a4ed78c125be42,weapon_sat_sn_drake_plr_sup.all
796c86285ad6573f,weapon_sat_sn_drake_npc_sup.all
3103bb4b50350ab8,rev_veh9_mil_lnd_acv_6x6_plr.all
2ae9516e583d37b5,rev_veh9_mil_lnd_apc_8x8_npc.all
357c6b51ba4caff0,rev_veh9_mil_lnd_apc_8x8_plr.all
140b09ce57a17651,rev_veh9_mil_lnd_mkilo23_npc.all
4bcff576130014ac,rev_veh9_mil_lnd_mkilo23_plr.all
af97787812ab96b,weapon_iw9_ar_akilo74_plr_v13.all
1e4179566d6adcb1,weapon_iw9_ar_augolf_npc_sup.all
58aa05a64503fb00,weapon_iw9_ar_augolf_plr_sup.all
5e04a82966188075,weapon_iw9_ar_falpha_npc_sup.all
2c6b3809938994d4,weapon_iw9_ar_falpha_plr_sup.all
384630dfaeadc129,weapon_iw9_ar_helima_npc_sup.all
3b25add8066a0ef8,weapon_iw9_ar_helima_plr_sup.all
7b937c90857653fa,weapon_iw9_ar_kilo53_npc_sup.all
5ef0b7e8c1498fbf,weapon_iw9_ar_kilo53_plr_sup.all
5dcdbbec428a9484,weapon_iw9_ar_malima_npc_sup.all
58474cd2c372d065,weapon_iw9_ar_malima_plr_sup.all
6f8a194b9d7b7872,weapon_iw9_ar_mike16_npc_sup.all
651334efb7c394f7,weapon_iw9_ar_mike16_plr_sup.all
43dd7e07889b90e9,weapon_iw9_ar_ralpha_npc_sup.all
1f842f2c50cf50b8,weapon_iw9_ar_ralpha_plr_sup.all
4fbee3ba25d9a39b,weapon_iw9_br_msecho_npc_sup.all
46a6ebc3f373507e,weapon_iw9_br_msecho_plr_sup.all
4235150dbb0d1f9c,weapon_iw9_dm_mike14_npc_sup.all
2cd5a2e514ff24fd,weapon_iw9_dm_mike14_plr_sup.all
4f3e14ff0a52c5c6,weapon_iw9_dm_mike24_plr_sup.all
4862f0cf326a7eb4,weapon_iw9_dm_pgolf1_npc_sup.all
60bcc09614466d35,weapon_iw9_dm_pgolf1_plr_sup.all
33b4d49140d92b0,weapon_iw9_dm_scromeo_plr_sup.all
507666c5e2b26d78,weapon_iw9_la_mike203_v8_npc.all
24f602a56c28adfe,weapon_iw9_la_ubscharlie_npc.all
55be36a42feac000,weapon_iw9_lm_ahotel_npc_sup.all
1a0910c82a208a51,weapon_iw9_lm_ahotel_plr_sup.all
11821bfa84d7b37f,weapon_iw9_lm_kilo21_npc_sup.all
551b174be008b782,weapon_iw9_lm_kilo21_plr_sup.all
3510ada6e5ae0b50,weapon_iw9_lm_mkilo3_npc_sup.all
3046b3c499cd3d41,weapon_iw9_lm_mkilo3_plr_sup.all
43be22a570abd828,weapon_iw9_lm_ngolf7_npc_sup.all
20185995f7483d19,weapon_iw9_lm_ngolf7_plr_sup.all
2bec0a82f99f59bf,weapon_iw9_pi_golf17_npc_sup.all
732471d35feec0c2,weapon_iw9_pi_golf17_plr_sup.all
4dd9ed71c5ac5baa,weapon_iw9_pi_golf18_npc_sup.all
4c12e8121561970f,weapon_iw9_pi_golf18_plr_sup.all
592ee8be9cc14836,weapon_iw9_pi_stimpistol_npc.all
6a05c88a0ec1fc87,weapon_iw9_pi_stimpistol_plr.all
49ec87280f5c1eb7,weapon_iw9_pi_tango9_npc_sup.all
1bdab2029ff994da,weapon_iw9_pi_tango9_plr_sup.all
3193cd591bb81dca,weapon_iw9_sh_charlie725_npc.all
72cf0149683fb1bb,weapon_iw9_sh_charlie725_plr.all
33e57d5595c6fa7e,weapon_iw9_sh_mbravo_npc_sup.all
2831bff50b06bda3,weapon_iw9_sh_mbravo_plr_sup.all
18c793e1d24f4785,weapon_iw9_sm_acharlie45_npc.all
252edd7ffe4f8160,weapon_iw9_sm_acharlie45_plr.all
746cf169c245bfd8,weapon_iw9_sm_mpapa5_npc_sup.all
4656d07e32f5a729,weapon_iw9_sm_mpapa5_plr_sup.all
58e61e18de1386af,weapon_iw9_sm_mpapa7_plr_sup.all
62bcc495a361d29f,weapon_iw9_sm_mpapax_npc_sup.all
4ff17314e07edfa2,weapon_iw9_sm_mpapax_plr_sup.all
6bbe46e1c0da9693,weapon_iw9_sm_papa90_npc_sup.all
7034dac311147816,weapon_iw9_sm_papa90_plr_sup.all
1830709a223ea072,weapon_iw9_sm_sdelta_plr_sup.all
172d4c2dcadcd2b5,weapon_iw9_sm_victor_npc_sup.all
5388a5a19e625d14,weapon_iw9_sm_victor_plr_sup.all
581e683e3edd8576,weapon_iw9_sn_mromeo_npc_sup.all
247fb4d77da5eb9b,weapon_iw9_sn_mromeo_plr_sup.all
35cada97447ebe5e,weapon_iw9_sn_walpha_npc_sup.all
375433d0640994f,jup_mode_s1_gunfight_snowball.all
433fd97b18b2e60d,rev_veh_jup_mil_lnd_jltv_npc.all
1db9e27213088828,rev_veh_jup_mil_lnd_jltv_plr.all
773710690da51757,rev_veh_jup_mil_sea_rhib_npc.all
3961fc78c400e2c6,rev_veh_jup_mil_sea_rhib_plr.all
e7d5d60fd93609e,weapon_jup_ar_acharlie300_npc.all
747289fd6e61ae9,weapon_jup_ar_foxtrot2000_plr.all
71d1e09855563e2e,weapon_jup_ar_golf36_npc_sup.all
4502fda67a38f173,weapon_jup_ar_golf36_plr_sup.all
53378e75d8878d6e,weapon_jup_br_hcharlie36_npc.all
2718264aec8ddb03,weapon_jup_br_xmike5_npc_sup.all
7f63261706b89326,weapon_jup_br_xmike5_plr_sup.all
73b56e37ccecfcc7,weapon_jup_dm_slima8_npc_sup.all
39779275904dd3ca,weapon_jup_dm_slima8_plr_sup.all
6761811d9d9e8a1e,weapon_jup_lm_halpha_plr_sup.all
476ea68636cf5260,weapon_jup_lm_pkilop_npc_sup.all
25ba8d4195ec1931,weapon_jup_lm_pkilop_plr_sup.all
bf6fe2a52b32a79,weapon_jup_lm_rpapa20_npc_sup.all
5d108e27c073ecbd,weapon_jup_pi_mike93_npc_sup.all
1e59b6155084545c,weapon_jup_pi_mike93_plr_sup.all
304ed238c952e795,weapon_jup_pi_mpapa9_npc_sup.all
37f504926948d974,weapon_jup_pi_mpapa9_plr_sup.all
5570f0f5375e2d46,weapon_jup_pi_uzulum_plr_sup.all
cea75bbbad8a076,weapon_jup_sh_spapa12_plr_sup.all
61029c134033ebe5,weapon_jup_sm_uzulup_npc_sup.all
27932591d251cc64,weapon_jup_sm_uzulup_plr_sup.all
3d8a22f3716840cc,weapon_jup_smg_scharlie3_npc.all
7dcae994a5076ee9,weapon_jup_smg_scharlie3_plr.all
5a4576c0d94423ff,weapon_jup_sn_boscar_npc_sup.all
1dde721234752802,weapon_jup_sn_boscar_plr_sup.all
a6a8b238f221dbd,weapon_jup_sn_hsierra_npc_sup.all
d288b30461bb041,weapon_jup_sn_svictor_npc_sup.all
655488a976c47431,weapon_t10_ar_able18_plr_sup.all
6642f67bac82548e,weapon_t10_ar_fresno_npc_sup.all
21029c54d087a5d3,weapon_t10_ar_fresno_plr_sup.all
30b2bf6cfecf372b,weapon_t10_ar_gilroy_npc_sup.all
19bb407526aea8ae,weapon_t10_ar_gilroy_plr_sup.all
10e18b5337d29d3a,weapon_t10_ar_love85_npc_sup.all
1dad1133398877ff,weapon_t10_ar_love85_plr_sup.all
3c7670e5227390f8,weapon_t10_ar_rmary2_npc_sup.all
1f86b1be30f67ec9,weapon_t10_ar_rmary2_plr_sup.all
4131e92341b54990,weapon_t10_ar_tbaker_npc_sup.all
3093c798f4cdd081,weapon_t10_ar_tbaker_plr_sup.all
67203d838a454568,weapon_t10_dmr_aeasy_npc_sup.all
642e781bd2cabf59,weapon_t10_dmr_aeasy_plr_sup.all
a1e313c88a00ba6,weapon_t10_dmr_svalor_npc_sup.all
130fcda841543eb,weapon_t10_dmr_svalor_plr_sup.all
381a79961d9b9489,weapon_t10_pi_stiger_npc_sup.all
7f1a78d4038a8dd8,weapon_t10_pi_stiger_plr_sup.all
7929201718e04f2,weapon_t10_smg_geasy9_plr_sup.all
569cb7a9fd81dda4,weapon_t10_smg_perth_npc_sup.all
39e9911d121d5a05,weapon_t10_smg_perth_plr_sup.all
7ac6210dffce5e3b,weapon_t10_smg_safox_plr_sup.all
6b7977e398fce614,weapon_t10_sn_droger_npc_sup.all
543419020dad0015,weapon_t10_sn_droger_plr_sup.all
5700189cc539a0a4,weapon_t10_sn_love96_npc_sup.all
3a4cf20fd9d51d05,weapon_t10_sn_love96_plr_sup.all
564768062a11c9c2,weapon_t10_sn_mary82_npc_sup.all
1ca05dd55972b327,weapon_t10_sn_mary82_plr_sup.all
476feb252367fabf,weapon_t10_zm_raygun_mk2_npc.all
31d87f9ba126f0ce,weapon_t10_zm_raygun_mk2_plr.all
71eb465190b66c27,weapon_t10_zm_sword_base_npc.all
5b15314ee486f876,weapon_t10_zm_sword_base_plr.all
64d0abf6bafd8074,weapon_t10_zm_sword_dope_npc.all
4fd5d44230c6c171,weapon_t10_zm_sword_dope_plr.all
286b397f8033a69c,weapon_t10_zm_sword_easy_npc.all
7a24bb6670e14450,weapon_t10_zm_sword_life_npc.all
55104c1d06d16c4d,weapon_t10_zm_sword_life_plr.all
2eb54077b2f11128,weapon_sat_ar_condor_plr_sup.all
2a0fe93c697aabd2,weapon_sat_dm_scotia_plr_sup.all
1b97ddd4e6a2954b,weapon_sat_sm_komodo_plr_sup.all
532e53b3c1c94106,weapon_sat_sm_komodo_npc_sup.all
6973153aca2f2fd3,weapon_sat_sn_baltic_npc_sup.all
75d233aba7cd5a01,fieldupgrade_inflatable_decoy.all
122e507230395df4,rev_veh9_civ_lnd_suv_1996_npc.all
7d3378bda6029ef1,rev_veh9_civ_lnd_suv_1996_plr.all
5cad1ca693a08650,rev_veh9_civ_lnd_suv_2001_npc.all
cfe8923cae86f85,rev_veh9_type_10_sport_suv_plr.all
1174f71c035f8256,weapon_iw9_ar_acharlie300_npc.all
3c1609d56a0998a7,weapon_iw9_ar_acharlie300_plr.all
66eb6d33bae45a7c,weapon_iw9_ar_akilo74_npc_sup.all
5027b50eadca5a86,weapon_iw9_ar_akilo74_npc_v13.all
542976859d33025d,weapon_iw9_ar_akilo74_plr_sup.all
4fa1edb5852ff01d,weapon_iw9_ar_mcbravo_npc_sup.all
151034cc6955183c,weapon_iw9_ar_mcbravo_plr_sup.all
378c3f902a214f1,weapon_iw9_ar_mcharlie_plr_sup.all
29a7df64589905e0,weapon_iw9_ar_mcharlie_v8_npc.all
2c57e46606e8eafd,weapon_iw9_ar_mcharlie_v8_plr.all
13e4397c2414e0a1,weapon_iw9_ar_schotel_npc_sup.all
7826bac9ccd71790,weapon_iw9_ar_schotel_plr_sup.all
355cfee95d1194c1,weapon_iw9_dm_scromeo_npc_sup.all
41707056520bcb01,weapon_iw9_lm_foxtrot_npc_sup.all
3c2fbebaf3e99cf0,weapon_iw9_lm_foxtrot_plr_sup.all
d5cc55e1e474cd1,weapon_iw9_pi_mike2011_npc_sup.all
66d800a86a7b1e61,weapon_iw9_pi_papa220_npc_sup.all
5d3e528b747e4150,weapon_iw9_pi_papa220_plr_sup.all
412f22263aa01e8a,weapon_iw9_pi_romeo18_npc_sup.all
5868cb2f0476826f,weapon_iw9_pi_romeo18_plr_sup.all
5b440cebdee08ed9,weapon_iw9_sh_mike1100_v8_npc.all
508ae29f4aed0cd5,weapon_iw9_sh_mviktor_npc_sup.all
24b8692fcc0e0db4,weapon_iw9_sh_mviktor_plr_sup.all
60933c902cb95446,weapon_iw9_sm_alpha57_npc_sup.all
66c9f8f62998fb8b,weapon_iw9_sm_alpha57_plr_sup.all
46257237cc2fcc56,weapon_iw9_sm_aviktor_npc_sup.all
3d6db904aec8b4fb,weapon_iw9_sm_aviktor_plr_sup.all
6d183b427045fc6e,weapon_iw9_sn_alpha50_npc_sup.all
785bd944b211fcb3,weapon_iw9_sn_alpha50_plr_sup.all
1552af01313d75d1,weapon_iw9_sn_alpha50_v10_npc.all
4d179aa8ec9c142c,weapon_iw9_sn_alpha50_v10_plr.all
726683d05495f3b0,weapon_mgl_ar_scharlie_v1_npc.all
273d1482056a99ad,weapon_mgl_ar_scharlie_v1_plr.all
4bc604decd2da7b2,ir_room_concrete_resonant_med.all
116ee8a8dea0896f,weapon_jup_ar_acharlie300_plr.all
1b5ce7d274bde5c,weapon_jup_ar_acharlie_npc_sup.all
38b0fdedc75ed30e,weapon_jup_ar_anovember94_npc.all
1582cc5aa9cc667f,weapon_jup_ar_anovember94_plr.all
470661fea346eccc,weapon_jup_ar_foxtrot2000_npc.all
5e929db219298859,weapon_jup_br_acharlie450_npc.all
185831397ea6bff4,weapon_jup_br_acharlie450_plr.all
2674a7c3fb18afb0,weapon_jup_br_bromeo2_npc_sup.all
718d30618bb6a5a1,weapon_jup_br_bromeo2_plr_sup.all
2b5984c889bd6945,weapon_jup_dm_bromeop_npc_sup.all
77000ef3d1791d44,weapon_jup_dm_bromeop_plr_sup.all
1032d8182f6716ab,weapon_jup_dm_kappa98_npc_sup.all
793b59205746882e,weapon_jup_dm_kappa98_plr_sup.all
4dde6cfa4f2ca3f4,weapon_jup_lm_evictor_556_plr.all
1f35e463e0027a65,weapon_jup_lm_evictor_npc_sup.all
65c66de272205ae4,weapon_jup_lm_evictor_plr_sup.all
4f9bee779fb262cf,weapon_jup_lm_mgolf36_npc_sup.all
59f5bc18f46b82f2,weapon_jup_lm_mgolf36_plr_sup.all
5605f815e0182831,weapon_jup_lm_qbravo95lsw_npc.all
5ee8b9404c0e168c,weapon_jup_lm_qbravo95lsw_plr.all
6db1d8804fa91768,weapon_jup_lm_rpapa20_plr_sup.all
6b7ce757d944edc8,weapon_jup_pi_glima21_npc_sup.all
7efdd53870591bb9,weapon_jup_pi_glima21_plr_sup.all
6b51239fa4f9ba73,weapon_jup_sh_spapa12_npc_sup.all
2333c655d9829b,weapon_jup_shotgun_oromeo12_npc.all
73893a58528ddf29,weapon_jup_sm_talpham_npc_sup.all
7668b750aa4a2cf8,weapon_jup_sm_talpham_plr_sup.all
3ee9a882abbe72bc,weapon_jup_sm_umike45_npc_sup.all
2ddc8cb58405189d,weapon_jup_sm_umike45_plr_sup.all
590e3e54e6071c1f,weapon_jup_sm_uzulu45_amp_plr.all
4bb3b3111f32855c,weapon_jup_sn_hsierra_plr_sup.all
5b06d98ffd17ae30,weapon_jup_sn_svictor_plr_sup.all
35426d4e1091729c,weapon_t10_ar_aking74_npc_sup.all
1fe2fb256a8377fd,weapon_t10_ar_aking74_plr_sup.all
383aaf9b4302910d,weapon_t10_ar_asvalor_npc_sup.all
37207fd9d64923cc,weapon_t10_ar_asvalor_plr_sup.all
2d8d5852c63bee76,weapon_t10_dmr_falove_npc_sup.all
79eea4ec0504549b,weapon_t10_dmr_falove_plr_sup.all
6d2376f0ebedbb0e,weapon_t10_dmr_sgeorge550_npc.all
49f5455dce5b4e7f,weapon_t10_dmr_sgeorge550_plr.all
6a62aba296a8de83,weapon_t10_pi_paris30_npc_sup.all
42adab6eb0d396a6,weapon_t10_pi_paris30_plr_sup.all
5cc30cd7e63b220d,weapon_t10_pi_usugar9_npc_sup.all
5ba8dd167981b4cc,weapon_t10_pi_usugar9_plr_sup.all
3f83250337553dca,weapon_t10_sh_jhavana_npc_sup.all
175810d1239138af,weapon_t10_sh_jhavana_plr_sup.all
2d2c46f34e644cdf,weapon_t10_sh_uncle12_npc_sup.all
2fdc645a99d56de2,weapon_t10_sh_uncle12_plr_sup.all
7204710017089a2a,weapon_t10_smg_chuck9_npc_sup.all
703d6ba066bdd58f,weapon_t10_smg_chuck9_plr_sup.all
7d38c4601cd4e4cf,weapon_t10_smg_geasy9_npc_sup.all
5af2ea3be78055e6,weapon_t10_smg_lisbon_npc_sup.all
74a97d6313a6d32b,weapon_t10_smg_lisbon_plr_sup.all
5f135b725d24a6a6,weapon_t10_smg_schuck_npc_sup.all
562627105899deeb,weapon_t10_smg_schuck_plr_sup.all
52ce57de4f192175,weapon_t10_sn_ultiger_npc_sup.all
2134e7be7c8a35d4,weapon_t10_sn_ultiger_plr_sup.all
7efca74936c8dc4b,rev_veh9_civ_lnd_dirt_bike_npc.all
44ae3bccad328f9a,rev_veh9_civ_lnd_dirt_bike_plr.all
124e5ac7e161b054,rev_veh9_civ_lnd_hummer_ev_npc.all
19387aa2b7b24451,rev_veh9_civ_lnd_hummer_ev_plr.all
55ed176f824a3a62,rev_veh9_civ_lnd_van_cargo_npc.all
70c110e076fe46a8,rev_veh9_type_10_sport_suv_npc.all
6d6f699514a7cc7,veh9_mil_air_heli_palfa_physics.all
2a284d5b13d44ae1,weapon_iw9_ar_akilo105_npc_sup.all
208e9f3e1dd76dd0,weapon_iw9_ar_akilo105_plr_sup.all
2a37b115d27b4f20,weapon_iw9_ar_mcharlie_npc_sup.all
660423081521faae,weapon_iw9_ar_scharlie_npc_sup.all
393540163a04adf3,weapon_iw9_ar_scharlie_plr_sup.all
37dd9f5fd371ec7b,weapon_iw9_ar_scsierra_npc_sup.all
32b45758efdeb1de,weapon_iw9_ar_scsierra_plr_sup.all
15a42949225a49af,weapon_iw9_br_ngsierra_npc_sup.all
345e52501a3a9052,weapon_iw9_br_ngsierra_plr_sup.all
5542cc4fa22827bc,weapon_iw9_br_soscar14_npc_sup.all
4435b0827a6ecd9d,weapon_iw9_br_soscar14_plr_sup.all
3ea6c1af0c178be4,weapon_iw9_dm_stango25_npc_sup.all
1d7434af9cb97545,weapon_iw9_dm_stango25_plr_sup.all
4cab137e47a5cb19,weapon_iw9_pi_dechov15_plr_sup.all
2f8bb422654256a0,weapon_iw9_pi_mike2011_plr_sup.all
594d9d70c542943d,weapon_iw9_sh_mike1014_npc_sup.all
1a96c55e5552fbdc,weapon_iw9_sh_mike1014_plr_sup.all
c6aa045412c5900,weapon_iw9_sm_acharlie9_npc_sup.all
4a4c5edf0746f722,weapon_iw9_sm_acharlie9_v2_npc.all
2ddf552e673c70f3,weapon_iw9_sm_acharlie9_v2_plr.all
54106571db40316c,weapon_iw9_sm_mpapa5v9_plr_sup.all
600bab15ec2ca95e,weapon_iw9_sn_india_npc_sup_v5.all
10a693875aa525ad,weapon_iw9_sn_india_plr_sup_v5.all
2898fc5fb880d73e,weapon_iw9_sn_indiav10_plr_sup.all
68394982e0278564,ir_room_concrete_lrg_semi_open.all
186bc226f088777d,ir_semi_open_between_buildings.all
4facce560384fbbd,weapon_jup_ar_acharlie_plr_sup.all
4371448bf25c6e22,weapon_jup_ar_balpha27_npc_sup.all
48265845f43db607,weapon_jup_ar_balpha27_plr_sup.all
61feec9355a81ba8,weapon_jup_ar_qbravo95_npc_sup.all
3e592383dc448099,weapon_jup_ar_qbravo95_plr_sup.all
3cc6bebf1f366f5a,weapon_jup_ar_qbravo97_npc_sup.all
4b663b942ec0b31f,weapon_jup_ar_qbravo97_plr_sup.all
22b52d76551c09b1,weapon_jup_ar_stango44_npc_sup.all
5d1db9c62cb52800,weapon_jup_ar_stango44_plr_sup.all
4eed5af28c4ac359,weapon_jup_ar_talpha95_npc_sup.all
6236cf434ed03d48,weapon_jup_ar_talpha95_plr_sup.all
3ea715c21a5338f4,weapon_jup_br_bromeo2m_amp_plr.all
5e30576986c276e4,weapon_jup_dm_svictork_npc_sup.all
3cfdca6a17646045,weapon_jup_dm_svictork_plr_sup.all
48f6ed596773414d,weapon_jup_sh_recho870_npc_sup.all
3af9e4fa9ab5650c,weapon_jup_sh_recho870_plr_sup.all
1c5576a9bbdb8d32,weapon_jup_sm_kpappa50_npc_sup.all
12ab896758a207b7,weapon_jup_sm_kpappa50_plr_sup.all
193037b91bb4cff8,weapon_jup_sm_lwhiskey_npc_sup.all
7c4078922a37bdc9,weapon_jup_sm_lwhiskey_plr_sup.all
15212fa268120211,weapon_jup_sn_cdelta50_npc_sup.all
5233b7c724ccd7e0,weapon_jup_sn_cdelta50_plr_sup.all
72f7c77211405f79,weapon_t10_ar_coslo723_npc_sup.all
54b2a1c80e364c68,weapon_t10_ar_coslo723_plr_sup.all
99811c33c065247,weapon_t10_dmr_sroger25_plr_sup.all
34502cabdaa69d22,weapon_t10_launcher_pable3_npc.all
17e322fb3a9c16f3,weapon_t10_launcher_pable3_plr.all
bf67b8c3212c42d,weapon_t10_launcher_stisaac_npc.all
5cfaa3a664173826,weapon_t10_lm_aroger10_npc_sup.all
540d6f445f8c706b,weapon_t10_lm_aroger10_plr_sup.all
103a5362bf90b225,weapon_t10_lm_ksugar58_npc_sup.all
5e8ad962ec6e1da4,weapon_t10_lm_ksugar58_plr_sup.all
6e53a44a309c7eb3,weapon_t10_lm_puncle21_npc_sup.all
7d27b027a3f28db6,weapon_t10_lm_puncle21_plr_sup.all
130dfa6f005e6d2e,weapon_t10_sh_moslo500_npc_sup.all
663f177d25412073,weapon_t10_sh_moslo500_plr_sup.all
35b26e8c8047102c,weapon_t10_smg_roger31_npc_sup.all
54e238cdfdc8b26d,weapon_t10_smg_roger31_plr_sup.all
6a267d50fa03192e,weapon_t10_smg_sroger3_npc_sup.all
3d579a5f1ee5cc73,weapon_t10_smg_sroger3_plr_sup.all
3d2ad59ab6eac1d0,weapon_t10_zm_raygun_mk2_p_npc.all
181666514cdae9cd,weapon_t10_zm_raygun_mk2_p_plr.all
6ec2236ab101e4ca,weapon_t10_zm_raygun_mk2_r_npc.all
2ffd575afd8978bb,weapon_t10_zm_raygun_mk2_r_plr.all
57ffd41f54140b6d,weapon_t10_zm_raygun_mk2_w_npc.all
62190bbebb958208,weapon_t10_zm_raygun_mk2_w_plr.all
6f5c241aac9e51b,rev_veh9_civ_lnd_pickup_1990_plr.all
53920c19fbe81038,rev_veh9_civ_lnd_scooter_eu_npc.all
6522ee4ddb2988f5,rev_veh9_civ_lnd_scooter_eu_plr.all
1a4d1adb32d0bc33,rev_veh9_civ_lnd_sedan_2009_npc.all
2a58afc9992f6182,rev_veh9_civ_lnd_sedan_2009_plr.all
972ddf2e2364359,rev_veh9_mil_lnd_tank_cougar_plr.all
3c325fb027aad794,rev_veh9_type_08_luxury_suv_npc.all
10d3550dabaddf91,rev_veh9_type_08_luxury_suv_plr.all
24183421953cfa5f,weapon_iw9_ar_acharlie300v6_plr.all
3f042debc3459a6d,weapon_iw9_ar_malima_v2_npc_sup.all
5302ea12866decac,weapon_iw9_ar_malima_v2_plr_sup.all
1470b1aa3e1f4488,weapon_iw9_dm_xmike2010_npc_sup.all
63b6a2a584a09179,weapon_iw9_dm_xmike2010_plr_sup.all
585b87f066912897,weapon_iw9_pi_dechoauto_npc_sup.all
2cd9adeb22c4793a,weapon_iw9_pi_dechoauto_plr_sup.all
6a81dfed6ebb7ade,weapon_iw9_sh_charlie725v10_plr.all
7900e689178295dc,weapon_iw9_sh_tsierra12_npc_sup.all
46f7e661f3bbb33d,weapon_iw9_sh_tsierra12_plr_sup.all
50b57a693b622351,weapon_iw9_sm_acharlie9_plr_sup.all
757d3cac24c0c2c,weapon_iw9_sm_acharlie45_v13_npc.all
37683c36f0b61258,weapon_iw9_sm_mpapa5v16_plr_sup.all
24a55b51a1095e77,weapon_iw9_sn_india_v15_npc_sup.all
489056225b17a19a,weapon_iw9_sn_india_v15_plr_sup.all
57cd6276e0c0e3ea,weapon_jup_ar_bromeo805_npc_sup.all
1c6720f4f2bd254f,weapon_jup_ar_bromeo805_plr_sup.all
2a3feb84569dc22d,weapon_jup_br_aromeo200_npc_sup.all
4abec8fddc0d1c6c,weapon_jup_br_aromeo200_plr_sup.all
f6f33231ddabeec,weapon_jup_br_hcharlie36_plr_sup.all
3c5ac9f65cf0e520,weapon_jup_dm_acharlied_npc_sup.all
159bdcd98d17aaf1,weapon_jup_dm_acharlied_plr_sup.all
33548ccc3deb5995,weapon_jup_sh_aromeo410_npc_sup.all
3afabf25dde14b74,weapon_jup_sh_aromeo410_plr_sup.all
5026a7be71ae4dca,weapon_jup_shotgun_oromeo12_plr.all
48f9fa9aff4ed54d,weapon_jup_sm_coscar635_npc_sup.all
3afcf23c3290f90c,weapon_jup_sm_coscar635_plr_sup.all
6fd3be5c36c115f3,weapon_jup_sm_pcharlie9_npc_sup.all
116d10784c9ffbf6,weapon_jup_sm_pcharlie9_plr_sup.all
488cc48e1ad92ece,weapon_jup_sn_moscar_charge_npc.all
6aa5f0663e775e3f,weapon_jup_sn_moscar_charge_plr.all
2d5c9fdf375c2e62,weapon_t10_dmr_sroger25_npc_sup.all
3c24b3307eafbcc8,weapon_t10_launcher_stisaac_plr.all
73be7dbef5ebf1fb,weapon_t10_smg_pparis90_npc_sup.all
6e9535b81258b75e,weapon_t10_smg_pparis90_plr_sup.all
729b8e564924252a,rev_veh9_civ_lnd_pickup_1990_npc.all
4b27ff823add46ef,rev_veh9_mil_lnd_atv_variant_npc.all
1c080019319e0c1e,rev_veh9_mil_lnd_atv_variant_plr.all
6f3c9255cc871f0c,rev_veh9_mil_lnd_cargo_truck_npc.all
4b48b65d59568b29,rev_veh9_mil_lnd_cargo_truck_plr.all
729667981f5f355c,rev_veh9_mil_lnd_tank_cougar_npc.all
69118e457448889c,veh9_mil_air_heli_medium_physics.all
1e1c350b2745f0b7,weapon_iw9_ar_acharlie300blk_npc.all
353f4b9d1227a126,weapon_iw9_ar_acharlie300blk_plr.all
73f21241f69f5f7,weapon_iw9_ar_mcharlie_v8_npc_sup.all
2520e2d6c87c6619,weapon_iw9_sh_charlie725_npc_sup.all
4a628a39ee909808,weapon_iw9_sh_charlie725_plr_sup.all
74dab91f75afccf2,weapon_iw9_sm_acharlie45_npc_sup.all
6a63d4c38ff7e977,weapon_iw9_sm_acharlie45_plr_sup.all
5dfbcd59e7afc049,weapon_iw9_sm_acharlie45_v13_plr.all
a0853480ddc8cde,weapon_iw9_sn_alpha50_v10_npc_sup.all
15da98a120a689d0,ir_room_concrete_med_semi_open_b.all
6ef055a9986b64ad,weapon_jup_br_hcharlie36_npc_sup.all
f33648a861212a3,weapon_jup_lm_qbravo95lsw_plr_sup.all
67a1063408aaefe3,weapon_jup_smg_scharlie3_npc_sup.all
47ad0281bd96e606,weapon_jup_smg_scharlie3_plr_sup.all
36fa98b7abd929af,weapon_jup_sn_boscar_amp_plr_sup.all
6b948f73ebec42b0,weapon_t10_zm_mangler_cannon_npc.all
206b20259cc0e8ad,weapon_t10_zm_mangler_cannon_plr.all
622b4a9ce8763571,rev_veh9_civ_lnd_minivan_1993_npc.all
73db363fbeb951cc,rev_veh9_civ_lnd_minivan_1993_plr.all
2210861b390f120,rev_veh9_ind_lnd_garbage_truck_npc.all
6c847d926cdfcf65,weapon_iw9_ar_acharlie300_npc_sup.all
33150710fefdafe4,weapon_iw9_ar_acharlie300_plr_sup.all
34c144e1630c076d,weapon_iw9_ar_akilo74_npc_sup_v13.all
5fd1cef381df72b0,weapon_iw9_ar_akilo74_plr_sup_v13.all
2b2a1bf4d978391a,weapon_iw9_ar_mcharlie_v8_plr_sup.all
6370fc870d5c8403,weapon_iw9_sn_alpha50_v10_plr_sup.all
6f6258f5704de79c,jup_mode_s1_gunfight_snowball.english
262e6a8752fe5df2,rev_veh_jup_mil_lnd_razorback_npc.all
57337f4ef587f923,rev_veh_jup_mil_lnd_razorback_plr.all
515abc652d368187,rev_veh_jup_truck_lnd_tech_aa_npc.all
11b178ba19a18b56,rev_veh_jup_truck_lnd_tech_aa_plr.all
c2c873f268d4980,veh_jup_mil_air_heli_palfa_physics.all
6f7b16475d47609d,weapon_jup_ar_acharlie300_npc_sup.all
34e95d5e416c88bc,weapon_jup_ar_acharlie300_plr_sup.all
20ddb52b30179e0d,weapon_jup_ar_anovember94_npc_sup.all
1fc38569c35e30cc,weapon_jup_ar_anovember94_plr_sup.all
674755e134f4c666,weapon_jup_ar_foxtrot2000_9mm_npc.all
5297169d039fc917,weapon_jup_ar_foxtrot2000_9mm_plr.all
77e4750c6a1a5be3,weapon_jup_ar_foxtrot2000_npc_sup.all
57f0715a1f065206,weapon_jup_ar_foxtrot2000_plr_sup.all
7db39c1bfc91ab36,weapon_jup_br_acharlie450_npc_sup.all
3cccb874b2594d5b,weapon_jup_br_acharlie450_plr_sup.all
680d701d559f715b,weapon_jup_lm_evictor_556_plr_sup.all
1ae721eb10d24f7e,weapon_jup_lm_qbravo95lsw_npc_sup.all
3ad86251df69060d,weapon_t10_dmr_sgeorge550_npc_sup.all
39be329072af98cc,weapon_t10_dmr_sgeorge550_plr_sup.all
3fd3255303032f70,rev_veh9_civ_lnd_fastback_1966_npc.all
39406bed013a4226,rev_veh9_type_05_diesel_pickup_npc.all
67d55f9bac8d51d7,rev_veh9_type_05_diesel_pickup_plr.all
69704b2990c070c1,weapon_iw9_sm_acharlie9_v2_npc_sup.all
374e998947bc6eb0,weapon_iw9_sm_acharlie9_v2_plr_sup.all
57dd787e0008589c,rev_veh_jup_mil_lnd_buggy_orav_npc.all
31fe21cb9f85c099,rev_veh_jup_mil_lnd_buggy_orav_plr.all
7c946f8294e5d65b,weapon_jup_br_bromeo2m_amp_plr_sup.all
87e0175342d9619,weapon_jup_shotgun_oromeo12_plr_sup.all
4941a482941fbe79,rev_veh9_type_04_v6_sport_sedan_npc.all
4e1411b7c22db294,rev_veh9_type_04_v6_sport_sedan_plr.all
3afbc38a228d8d7e,veh9_common_amphibious_armored_boss.all
4781233a5160046c,weapon_iw9_ar_acharlie300v6_plr_sup.all
2c23ca84ad913128,weapon_jup_shotgun_oromeo12_npc_sup.all
a93c539dd8b510e,rev_veh9_type_02_deuce_and_a_half_npc.all
45a8b7499ce17a74,weapon_iw9_ar_acharlie300blk_npc_sup.all
160eba27c765eff5,weapon_iw9_ar_acharlie300blk_plr_sup.all
55b04c5ca827fc03,weapon_iw9_sm_acharlie45_v13_npc_sup.all
2dfb4c28c252b426,weapon_iw9_sm_acharlie45_v13_plr_sup.all
58bc17aadb61ec0e,weapon_jup_smg_scharlie3_bar_amp_plr.all
3d5abcdb75fdeebf,rev_veh9_civ_lnd_pickup_1992_chop_npc.all
27c35151f3bce4ce,rev_veh9_civ_lnd_pickup_1992_chop_plr.all
4f7cc796ada570ab,rev_veh9_type_01_4cyl_classic_car_npc.all
3ea85c1f0c0c1bfa,rev_veh9_type_01_4cyl_classic_car_plr.all
676593a6bff8e47f,rev_veh9_type_02_deuce_and_a_half_plr.all
1d01adadba5e360d,rev_veh_jup_mil_lnd_hmg_technical_npc.all
777bb6a4b4b3d828,rev_veh_jup_mil_lnd_hmg_technical_plr.all
6aa401f8dbe2ba35,weapon_jup_ar_foxtrot2000_9mm_npc_sup.all
26ff5b6caf684494,weapon_jup_ar_foxtrot2000_9mm_plr_sup.all
4869a584d2e77694,rev_veh9_civ_lnd_suv_overland_2016_npc.all
1d0a9ae256ea7e91,rev_veh9_civ_lnd_suv_overland_2016_plr.all
6b467133b419f89,rev_veh_jup_motorcycle_blood_burner_plr.all
598b6d88fddc966c,rev_veh_jup_motorcycle_blood_burner_npc.all
145328e2be07f7f,weapon_jup_pi_mike93_bar_hvy_convert_plr.all
fc9ca4a963c06e,rev_veh9_civ_lnd_pickup_fullsized_2014_plr.all
43493588801b213c,rev_veh9_civ_lnd_pickup_midsize_2001_npc.all
5d04a70b14b1f82b,rev_veh9_mil_sea_boat_armored_patrol_npc.all
4c303b937318a37a,rev_veh9_mil_sea_boat_armored_patrol_plr.all
2ebc21ad01529a4c,weapon_jup_lm_mgolf36_selectauto_amp_plr.all
3232b0516021bb2d,rev_veh9_civ_lnd_sedan_hatchback_1985_npc.all
6260e7f5acbeb3c8,rev_veh9_civ_lnd_sedan_hatchback_1985_plr.all
51341099e31ecc5f,rev_veh9_civ_lnd_pickup_fullsized_2014_npc.all
58e907e594e31c9,rev_veh9_civ_lnd_motorcycle_cruiser_2008_plr.all
2eea96ef33ea7dac,rev_veh9_civ_lnd_motorcycle_cruiser_2008_npc.all
5db6b2ac601c59cc,weapon_jup_pi_mike93_bar_hvy_convert_plr_sup.all
63c7bfb1cc634c3a,rev_veh9_civ_lnd_pickup_fullsized_2014_tech_armor_npc.all
54ab329714897b4b,rev_veh9_civ_lnd_pickup_fullsized_2014_tech_armor_plr.all
20831e39664bb442,weapon_t10_ar_rmary2_npc_rocket.all
446d27c9e62c89dd,weapon_t10_ar_rmary2_plr_rocket.all
19e40b89fe56943e,weapon_t10_dmr_falove_auto_plr.all
c2c31ebacd55f7d,weapon_t10_dmr_falove_auto_plr_sup.all
4441a41b75e9f631,weapon_t10_sl_olove_npc.all
4d246545e1dfe48c,weapon_t10_sl_olove_plr.all
153b87d25452fc79,weapon_t10_sn_droger_auto_npc.all
3a47b281d1e83296,weapon_t10_sn_droger_auto_npc_sup.all
1a0df5078260f094,weapon_t10_sn_droger_auto_plr.all
2825b9d76e31ff3b,weapon_t10_sn_droger_auto_plr_sup.all
73d14bb790bf1385,weapon_t10_pi_paris30_burst_npc.all
4e252cb7a8d258f2,weapon_t10_pi_paris30_burst_npc_sup.all
389555bcbf4d60,weapon_t10_pi_paris30_burst_plr.all
43ae485bc31a7577,weapon_t10_pi_paris30_burst_plr_sup.all
174ca33a4e48042f,weapon_t10_pi_pyork_npc.all
2d74013c8639655e,weapon_t10_pi_pyork_plr.all
30dde221a6820d44,cp_lone.english
607bbbf860684df7,cp_lone.all
41645f51b4af2b9f,cp_observatory.all
47a3cc1f8c80e04c,cp_observatory.english
24c65b2a8a9d579f,cp_raid1.english
5e038e0a903735d8,cp_raid1.all
4355a6c0e87d4484,cp_raid1_boss1.english
1945262e80684137,cp_raid1_boss1.all
61e9d3cd65d45d64,mp_bio_lab.english
6cabe95b9770d117,mp_bio_lab.all
40b4de4f6210bc25,mp_biobunker.english
4d2ea983ffd49a8a,mp_biobunker.all
144394433d9cb55b,mp_delta.all
554fb6855efd88a8,mp_delta.english
4c12c89f97245599,mp_grandprix_pm_2.all
7d49431fdc5e43c2,mp_grandprix_pm_2.english
24d912321d4a894c,mp_jup_launchfacility.english
7f5f94a35dd6c49f,mp_jup_launchfacility.all
7606255fcb538884,mp_sealion.all
acf650370a18b1b,mp_sealion.english
3a0ed785e0f9fe0d,ingame_br.all
608e395adb427266,ingame_br.english
63fe3c414a5b9048,ingame_ob.all
4d4769b2ba5abaef,ingame_ob.english
348d04593b32f718,mp_frontend_jup_01.english
e2a75d533ded42b,mp_frontend_jup_01.all
76a43741b1da7525,mp_jup_afghan_v2.all
589c816c787d687e,mp_jup_afghan_v2.english
21dbe236334c0e7d,mp_jup_arcade.all
1dcc505e0f640b76,mp_jup_arcade.english
2b7652d6ce21c015,mp_jup_bait.all
55e0f7e939235ece,mp_jup_bait.english
197efc7ec1a26f52,mp_jup_benchmark.all
3a39778f09cd550d,mp_jup_benchmark.english
4dd2998aacf57a95,mp_jup_bigmap.all
791531ea8886014e,mp_jup_bigmap.english
46b13a5bdb40f2c0,mp_jup_blackheart.all
6bdf741b768f7927,mp_jup_blackheart.english
1272d2e9da867317,mp_jup_das_haus.all
559ace8bd20d1f64,mp_jup_das_haus.english
7b54ee3ca37c7ba8,mp_jup_das_haus_alien.english
74ac52c555f1f85b,mp_jup_das_haus_alien.all
32535597dda5be4f,mp_jup_delayed.all
33d52ef660c3dc9c,mp_jup_delayed.english
24d2e62a918b0e0e,mp_jup_derail.all
b1ecc0485a85f49,mp_jup_derail.english
142ce508bc80294,mp_jup_drivethru.all
4ce377525bfb104b,mp_jup_drivethru.english
14945ed483ab03b3,mp_jup_dubai.english
42fb633e207cb1c,mp_jup_dubai.all
2d074e1ca7866123,mp_jup_elevated.all
5d84042101a7e650,mp_jup_elevated.english
726bb297446cbf54,mp_jup_emergency.all
3983619419be930b,mp_jup_emergency.english
62b1314fc36528cd,mp_jup_estate.all
5d7fbc4788928926,mp_jup_estate.english
306bf6efa0369db5,mp_jup_farm_18.all
4ddf3283227dc46e,mp_jup_farm_18.english
2c7498eb056817d5,mp_jup_favela.english
2d0627735b4b5cda,mp_jup_favela.all
3398bd730b2c6ba6,mp_jup_favela_alt.all
3d0c33f329239121,mp_jup_favela_alt.english
37a4880be379ab97,mp_jup_fort.english
5e65b9f9974f610,mp_jup_fort.all
260e67900c93f80e,mp_jup_grandprix_pm_2.english
6753b29e021b7455,mp_jup_grandprix_pm_2.all
6f2828777c0b2df9,mp_jup_greece.english
390b64952c50141e,mp_jup_greece.all
163525e54f6d0ffc,mp_jup_growhouse.all
6fc88796f8bd9993,mp_jup_growhouse.english
1b9e7affa9274ccf,mp_jup_gw_fallout.all
3482b3e54a4b931c,mp_jup_gw_fallout.english
14b6264e6ad44613,mp_jup_gw_fallout_wz.all
37598548166476a0,mp_jup_gw_fallout_wz.english
6d77578cef6e8be8,mp_jup_highrise.all
5629aaa6eb72578f,mp_jup_highrise.english
15ee037c0f71054f,mp_jup_highrise_xmas.english
302aef7b188c67a8,mp_jup_highrise_xmas.all
7108e31cfbb594c9,mp_jup_home_01.english
71e81f46fc75ab8e,mp_jup_home_01.all
297f9e4ac4105749,mp_jup_home_01_alt_toon.all
7f187641e7f36452,mp_jup_home_01_alt_toon.english
2d535d7754ef5e14,mp_jup_hydro.english
2dd1941a193afe27,mp_jup_hydro.all
7f548a97d848814f,mp_jup_incline.all
49bbd9373d284f9c,mp_jup_incline.english
5267ee302da3b01e,mp_jup_invasion.all
60962af3eef689f9,mp_jup_invasion.english
634f058fbbdf3df3,mp_jup_karachi.english
665d1989fa25785c,mp_jup_karachi.all
78d8174888543dc8,mp_jup_luxury.all
542e95145f1f006f,mp_jup_luxury.english
1616d9d61621f307,mp_jup_m_alley.english
50628bfba440c1a0,mp_jup_m_alley.all
8955cce8ce857ef,mp_jup_m_blacksite2.all
48feae056280213c,mp_jup_m_blacksite2.english
59699d2bccd68764,mp_jup_m_exhibit.all
77d75b814b86bafb,mp_jup_m_exhibit.english
61d18efeb2725cfe,mp_jup_observatory.english
6cdcc113178c61a5,mp_jup_observatory.all
7ba61395f27051bd,mp_jup_paris.english
8f81ba6606b6da2,mp_jup_paris.all
4d232a577011a27e,mp_jup_quarry.english
7e9cccac3a300f25,mp_jup_quarry.all
3a90dc15d802719,mp_jup_quarry_alt.all
776cae5003b9ed42,mp_jup_quarry_alt.english
3ef9353bd46a59a,mp_jup_resort_gw.english
51266bd6ec12d251,mp_jup_resort_gw.all
11fb95a19661a2ce,mp_jup_resort_gw_wz.english
3843e85c45adc415,mp_jup_resort_gw_wz.all
378d0762dff57d13,mp_jup_rundown.english
1b73de725e67b7c,mp_jup_rundown.all
190363790cf8bf4f,mp_jup_rust.all
668720c858836d9c,mp_jup_rust.english
44442a5b47af6c14,mp_jup_rust_alt.english
5e2cb6c19d392c27,mp_jup_rust_alt.all
70f293127e7e4062,mp_jup_rust_alt_toon.all
421277b189b4977d,mp_jup_rust_alt_toon.english
4c4a912b66d0090f,mp_jup_scrapyard.english
56053ee8becfe568,mp_jup_scrapyard.all
33c6832ffb68d1d0,mp_jup_scrapyard_alt_v2.english
94492a33c9c54a3,mp_jup_scrapyard_alt_v2.all
7629ca783d339327,mp_jup_security_area.all
76aae7b91b27c314,mp_jup_security_area.english
522ca30102efca50,mp_jup_shipment_alt.english
5685af919dd20523,mp_jup_shipment_alt.all
25b7787ac6a3cfbd,mp_jup_shipment_alt_2.english
287557ca9e1e0ba2,mp_jup_shipment_alt_2.all
1c9b22c9b23304fa,mp_jup_shipment_alt_3.english
5990e0ad30be15b1,mp_jup_shipment_alt_3.all
663cdea638d2046f,mp_jup_shipment_alt_4.english
72e642abe26901c8,mp_jup_shipment_alt_4.all
4bebeda18cc3fecf,mp_jup_shipment_alt_5.all
4707d7fb22c4651c,mp_jup_shipment_alt_5.english
3ec453ccfdedfcd9,mp_jup_shipment_alt_toon.english
250794b101d162fe,mp_jup_shipment_alt_toon.all
74fb68ecc2ef674b,mp_jup_shipment_iw9.all
2017c885dd1b7938,mp_jup_shipment_iw9.english
5b6fd69a7dc28b86,mp_jup_shipment_xmas.english
34c6182357d0382d,mp_jup_shipment_xmas.all
7a75d8395a303740,mp_jup_shoothouse2.all
582b545440e345a7,mp_jup_shoothouse2.english
53429aedcedeadb,mp_jup_sira.english
f4365f857282844,mp_jup_sira.all
73ca625163f2bac8,mp_jup_skidrow.all
5412342f08afcd6f,mp_jup_skidrow.english
10f45d2232c04f18,mp_jup_skidrow_alt.all
5fe0db0a9ed208df,mp_jup_skidrow_alt.english
1e1d4eda6e610c0d,mp_jup_skydiving.all
1d043d2086e96066,mp_jup_skydiving.english
133bbb860bda801,mp_jup_slaughterhouse.english
49fb590c2995e86,mp_jup_slaughterhouse.all
60aa1ca88a8a49a7,mp_jup_slaughterhouse_oct.all
2a03c6235fcb2194,mp_jup_slaughterhouse_oct.english
11dbfc2dbc30fed6,mp_jup_st_c_gw.english
58a86697a0f3d0dd,mp_jup_st_c_gw.all
6cbf46a93fe75302,mp_jup_st_c_gw_wz.english
d65e8f415d13fd9,mp_jup_st_c_gw_wz.all
30911f1139d06c4a,mp_jup_subbase.all
274e804060d38ae5,mp_jup_subbase.english
592df2781bc0ce79,mp_jup_swap_meet.english
6fe5a65fd0bdec9e,mp_jup_swap_meet.all
15c0c20a16dee26,mp_jup_terminal.english
10d85a6c6d50bdcd,mp_jup_terminal.all
274c389dc59bda8a,mp_jup_terminal_alt.english
537467b59f868821,mp_jup_terminal_alt.all
2a9d60ff0d293b14,mp_jup_tower.all
447fe948bc0a10cb,mp_jup_tower.english
4ad1153efc4587f6,mp_jup_trainingfacility.all
58f997f6eeb26251,mp_jup_trainingfacility.english
65fa0d7b7d15b242,mp_jup_underpass.all
5c47067d5804e35d,mp_jup_underpass.english
6671edbc52cf667d,mp_jup_urca.english
51efac8be90f9f62,mp_jup_urca.all
3359c62e4cab195a,mp_jup_vertigo.english
62323b65277ac611,mp_jup_vertigo.all
6376de853d119b81,mp_jup_wasteland.english
6a5c277912b5da06,mp_jup_wasteland.all
7713e7d871b4f81f,mp_jup_waterfront.all
224c8c273577b4cc,mp_jup_waterfront.english
760932f7c16879a3,mp_jup_zooquarium.all
3c3c9f46c735c6d0,mp_jup_zooquarium.english
177dd13cf04f49ae,cp_hydro.english
1468d217924949f5,cp_hydro.all
4ac4d61d4f9aded3,cp_jugg_maze.english
36e8fdd88988553c,cp_jugg_maze.all
5f9f690dbb96481f,cp_mission_esc.all
43d85a1d14d604cc,cp_mission_esc.english
1063d88bb25a1af7,cp_raid1_trap.english
4f9c266cb310f970,cp_raid1_trap.all
187925f1f415837d,ingame_cp.english
6f4ca6f1a8f66c62,ingame_cp.all
3cc2139b6af92dd0,mp_arn_zone1.all
7ba3d310cc711e57,mp_arn_zone1.english
59b142506d75f61,mp_benchmark.english
6f24bfe08c3df4e6,mp_benchmark.all
3ce8319397819a2,mp_bounty.all
46b5946fccedbdbd,mp_bounty.english
5ad2d81166e6a561,mp_catedral.all
7b171f56a56337ca,mp_catedral.english
76f231c49d74b740,mp_caves_gw.all
1eee41ca28afc5a7,mp_caves_gw.english
6067c1a194571a3a,mp_crossing.english
717cb696f579b5f1,mp_crossing.all
1b56c0a9e2bc3da8,mp_davos.all
6f40794303b13b4f,mp_davos.english
6d502d10889c441f,mp_dogtown_gw.english
7826c416ba2f9a58,mp_dogtown_gw.all
6ced1912508a62de,mp_embassy.english
666992986ecd8685,mp_embassy.all
1ad396c6b2a37e62,mp_farm_18.english
83cf11350d20f39,mp_farm_18.all
1635d83cc6cc133f,mp_fishtown_gw.english
1986dacceffed678,mp_fishtown_gw.all
55b1a338e3ac3ad6,mp_floatinghouses.all
38fc4e9a695be831,mp_floatinghouses.english
5b363596cf3a25b8,mp_forsaken_gw.english
5df114bfcdeb8bcb,mp_forsaken_gw.all
1326ff0c86cd283,mp_fort.english
62d9b0c3008c20c,mp_fort.all
699e0cbda54a820f,mp_frontend3.english
2bc3898ece434e68,mp_frontend3.all
493ef675b5db2c4b,mp_historic_gw2.all
26fb2c7a62520e38,mp_historic_gw2.english
7ce8ff4c8417fb03,mp_hydro.all
640beb24c0a6e130,mp_hydro.english
37a111161faef880,mp_intercept.english
c9dea64ac754df3,mp_intercept.all
2aa798e48797784,mp_luxury.all
39235664a9a1ea1b,mp_luxury.english
47d805188efe53dd,mp_museum.all
133c5a33675931d6,mp_museum.english
6c8796aea98bd56b,mp_m_alley.english
2faf74d76a5de6b4,mp_m_alley.all
608a4369d57ae048,mp_m_blacksite2.english
75ba6fc307ffd4fb,mp_m_blacksite2.all
38a73ad000c4764e,mp_m_canal.all
181fc92135903b89,mp_m_canal.english
4ab73e9e1526b827,mp_m_exhibit.english
5e53f44d5b7fc1c0,mp_m_exhibit.all
4e9984bfb01e55eb,mp_m_fight.all
bb3658bcc98a8d8,mp_m_fight.english
1467b2b2da605323,mp_m_floatbay.all
569098f6f6d1f850,mp_m_floatbay.english
6e04e2f6bfec433e,mp_m_king.all
fdae43b6e772d19,mp_m_king.english
11f1d946c58c14e4,mp_m_lounge.english
65dabee90ba6d097,mp_m_lounge.all
4c5c270e154c98,mp_m_mercado.all
1a9bf9ebf9f9e5f,mp_m_mercado.english
6ef95fed8aba7022,mp_m_penthouse.all
149a64297386bc3d,mp_m_penthouse.english
12eec5224b4ed4f1,mp_narcos.all
bdba71f1fd1a93a,mp_narcos.english
3c4b74d211ee6e90,mp_nogales_gw2.english
58b4ca027bcd1463,mp_nogales_gw2.all
283575f527a5e272,mp_observatory.english
622f90553f948969,mp_observatory.all
2b727f266cc59aae,mp_observe_gw.all
349e036e185ebee9,mp_observe_gw.english
74038d14d56a808,mp_oilfield_6v6.all
a318dd2694386af,mp_oilfield_6v6.english
3a907ecb1b568219,mp_oilfield_gw.english
653f3f84f754c83e,mp_oilfield_gw.all
25c0c2ae2f31fb62,mp_regional_gw.english
609284bb0d2b3c39,mp_regional_gw.all
77f02604e51b4c97,mp_saba2.english
39152a1a85d10710,mp_saba2.all
80035237e1f4b8f,mp_shipment_iw9.all
2a6c2e514ebfbdc,mp_shipment_iw9.english
6766c2e5224d1833,mp_shoothouse2.english
726eb0499ca4d79c,mp_shoothouse2.all
41e171965e7a9ca3,mp_showdown2.english
d293e2b4051072c,mp_showdown2.all
70379295085cbb6d,mp_sira_gw.all
32ab895bb720fc6,mp_sira_gw.english
16fc4ba0d99a2d8,mp_skerries_v2.all
71fda2a36869149f,mp_skerries_v2.english
1d83de3b449c9f87,mp_strike.all
248ab532ded14874,mp_strike.english
755968f64ff1c0d5,mp_swap_meet.english
48b526160232f5da,mp_swap_meet.all
964b3b8223fb893,mp_toujane2.all
5dbe69196d65120,mp_toujane2.english
42ce495271dfad24,mp_townhouses.all
38b6730f4c198abb,mp_townhouses.english
4133c193f166b345,mp_wartorn.english
79c0181f8fb418aa,mp_wartorn.all
1a70f8bbd763490c,mp_wartorn_gw.english
1e4e23622a61595f,mp_wartorn_gw.all
774213b0afc6c52e,weapon_sat_ar_falcon_npc.all
21981168e51ea36d,weapon_sat_ar_falcon_npc_sup.all
5414e21d92360b9f,weapon_sat_ar_falcon_plr.all
3596cd8fa846f5ac,weapon_sat_ar_falcon_plr_sup.all
672062ea2747e590,weapon_sat_ar_kite_npc.all
2351e6d9342f6e7,weapon_sat_ar_kite_npc_sup.all
1bf6f39bd81c8b8d,weapon_sat_ar_kite_plr.all
722e46db5c63ea6a,weapon_sat_ar_kite_plr_sup.all
240b9f4a882d265e,weapon_sat_ar_vulture_npc.all
15991b919eacf15d,weapon_sat_ar_vulture_npc_sup.all
781a001519cfec2f,weapon_sat_ar_vulture_plr.all
1dd410cc8ec607c,weapon_sat_ar_vulture_plr_sup.all
2a331fe43acd5ae2,weapon_sat_dm_kara_npc.all
67b1162eb5a752b3,weapon_sat_dm_kara_plr.all
4fd1da176faac6ac,weapon_sat_dm_oman_npc.all
2675d3a6950e7ac9,weapon_sat_dm_oman_plr.all
5cd45ec788db12c5,weapon_sat_la_fang_npc.all
1b85d2e3072a8ba0,weapon_sat_la_fang_plr.all
56d7dcbfacd3c4f1,weapon_sat_lm_typhon_npc.all
6887c8628316e14c,weapon_sat_lm_typhon_plr.all
229a4becf795b0ea,weapon_sat_lm_zeus_npc.all
2c7e3d598060e579,weapon_sat_lm_zeus_npc_sup.all
36f37fd85939bddb,weapon_sat_lm_zeus_plr.all
e3917af7d56d268,weapon_sat_lm_zeus_plr_sup.all
73a1f8a2e30e1d96,weapon_sat_pi_orion_npc.all
1e2ca4c9144135a5,weapon_sat_pi_orion_npc_sup.all
7dfd86e57f3ade7,weapon_sat_pi_orion_plr.all
6c7d2ac9411ea124,weapon_sat_pi_orion_plr_sup.all
676daac7ee0c2def,weapon_sat_sh_akita_npc.all
13439ed518b2b53c,weapon_sat_sh_akita_npc_sup.all
384dab5ee4ccf31e,weapon_sat_sh_akita_plr.all
2368307f0f95b1d,weapon_sat_sh_akita_plr_sup.all
76f8517c07506921,weapon_sat_sm_cobra_npc.all
548ae2e6c15537dc,weapon_sat_sm_cobra_plr.all
22e3804822a6f16e,weapon_sat_sm_cobra_npc_sup.all
2e271e4a6472f1b3,weapon_sat_sm_cobra_plr_sup.all
3bfb45f64738ba96,weapon_sat_sm_otter_npc.all
4845a4249cb022a5,weapon_sat_sm_otter_npc_sup.all
503925c1bc1e4ae7,weapon_sat_sm_otter_plr.all
16962a24c98d8e24,weapon_sat_sm_otter_plr_sup.all
72969ea4aa3c3dfb,weapon_sat_sm_puma_npc.all
773a37c0992d4248,weapon_sat_sm_puma_npc_sup.all
53874332221a0aa,weapon_sat_sm_puma_plr.all
abb25a130417039,weapon_sat_sm_puma_plr_sup.all
7ccf1e4c6f6d37c0,weapon_sat_sn_caspian_npc.all
2b4d17263af14717,weapon_sat_sn_caspian_npc_sup.all
1295f06513f58edd,weapon_sat_sn_caspian_plr.all
7fcb3d20f72497ba,weapon_sat_sn_caspian_plr_sup.all
39229057fc5e614d,veh9_common.all
1df1e3ca9a14f081,weapon_sat_dm_kara_npc_sup.all
18b1322f3bf2c270,weapon_sat_dm_kara_plr_sup.all
40cfb86008459e83,weapon_sat_dm_oman_npc_sup.all
191ab82c227056a6,weapon_sat_dm_oman_plr_sup.all
71652ac1d5b6d06e,zm_perkmachine_vulture.all
1d9a8c25d2f3e53,zm_perkmachine_juggernog.all
430f7669155b2c40,zm_perkmachine_wisptea.all
6436dc3744e290b0,zm_perkmachine_speed.all
5d76ea20224eca8e,zm_perkmachine_revive.all
7ad2d1a3349c784f,zm_perkmachine_melee.all
4b71a56f255e6808,zm_perkmachine_staminup.all
1d1b03094b94966e,zm_perkmachine_elemental_pop.all
7d6bcba90af8a5f9,zm_perkmachine_doubletap.all
5dcf908919d07dcf,zm_perkmachine_phd.all
70b5f0272784a6d1,zm_perkmachine_deadshot.all
418bf281280e2eb2,zm_perkmachine_deathperception.all
73a181343ae55bca,weapon_sat_me_combat_knife.all
2fe0826d12bfcb1,weapon_sat_me_shock_baton.all
22365990e2c5d10b,weapon_jup_ub_chainsaw_plr.all
26ebc2e4b338bfa,weapon_jup_ub_chainsaw_npc.all
24a5280a10808d5d,weapon_jup_me_swhiskey_b2003_plr.all
ede55f16bf83640,weapon_jup_me_swhiskey_b2003_npc.all
6bb3bd7e5bcda864,zm_eqp_kasimir.all
6ce148d59ccedcbb,zm_eqp_monkeybomb.all
4dd5e53453e83cd3,zm_eqp_mutant_injection.all
2095a747fc8891ea,eqp_gas_grenade.all
56923c8e380ff65b,weapon_t10_zm_dg2_nix_npc.all
6bde0df19517108a,weapon_t10_zm_dg2_nix_plr.all
5a181791f6a3053e,weapon_t10_smg_mpug40_plr.all
4146bdbad98fec8f,weapon_t10_smg_mpug40_npc.all
45dc7a90d81d607d,weapon_t10_smg_mpug40_plr_sup.all
5b3becb97e2b5b1c,weapon_t10_smg_mpug40_npc_sup.all
8178ef1e6ca998d,weapon_t10_sl_wand_plr.all
5340fe4035f5f390,weapon_t10_sl_wand_npc.all
47a4de50ad9ad873,weapon_t10_me_keene.all
65b91ec1413ef313,weapon_t10_me_chainsaw.all
45f3e81cf4f79ef6,weapon_t10_me_pickaxe.all
5664a6dcfc9255a2,weapon_t10_me_p16_bat.all
112b1b2e1437b8f,weapon_t10_dmr_falove_auto_npc.all
218ba41452e35a1c,weapon_t10_dmr_falove_auto_npc_sup.all
402767df13b9bbab,weapon_t10_ar_milan_plr_sup.all
2facb6ae65e96944,weapon_t10_ar_milan_plr.all
b1a4b1d9a00f789,weapon_t10_ar_milan_npc.all
2670d4b7e7933e66,weapon_t10_ar_milan_npc_sup.all
67f9b8a9e092b0c3,weapon_t10_me_chainsaw_mastercraft_creepy.all
6986cad69ddc7bd6,weapon_t10_zm_raygun_mastercraft_occult.all
3215b9db57423c19,weapon_t10_zm_raygun_mastercraft_repair.all
5964345e33e90f89,weapon_t10_zm_dg2_mastercraft_animez.all
d8f3af331ecc87a,weapon_t10_me_cleaver_cartoon.all
7601238d5476b57,weapon_t10_me_combat_knife_mastercraft_steam.all
37a1bf41fbec0af7,weapon_t10_me_drill_bbots.all
4a4734a0e23d9ede,weapon_t10_me_p16_bat_mastercraft_gvibes.all
77046f8b2d1184b,weapon_t10_me_pickaxe_mastercraft_horse.all
504b15a013a23ae5,weapon_t10_me_pickaxe_mastercraft_nuketown.all
1ac5c8a7c4be0a95,weapon_t10_sh_moslo500_mastercraft_vault.all
7b0e09bfa9da727e,weapon_t10_sh_moslo500_mastercraft_trapgun.all
31daba8701e8dee9,weapon_t10_sh_uncle12_mastercraft_mire.all
41f9aca801ff6eb5,weapon_t10_sl_blauncher_plr_rico.all
18054697bfb630b6,weapon_t10_sl_blauncher_npc_rico.all
1505c0902b0429d0,weapon_t10_smg_geasy9_mastercraft_s2blk.all
47831e50392e9384,weapon_t10_smg_geasy9_mastercraft_vault.all
70d99731aa9a4c10,weapon_t10_pi_mable_cal_npc.all
6fdd51ddb0b50567,weapon_t10_pi_mable_cal_npc_sup.all
25b027e35b6ef20d,weapon_t10_pi_mable_cal_plr.all
5fd67a4b79d5f8ea,weapon_t10_pi_mable_cal_plr_sup.all
54b43abe71b27bd4,weapon_t10_dmr_sierra552_npc.all
6dd965d1d674017b,weapon_t10_dmr_sierra552_npc_sup.all
5b9e5a9948030fd1,weapon_t10_dmr_sierra552_plr.all
68b01dcaf2e0c6de,weapon_t10_dmr_sierra552_plr_sup.all
41e84f95be90fff6,weapon_t10_ar_ubgl_npc.all
56252f613374dd47,weapon_t10_ar_ubgl_plr.all
3d278db0ff2c76d1,weapon_iw9_sh_mike1100_plr.all
4686db8d0c3464cc,weapon_t10_smg_geasy9_mastercraft_unicorn.all
5968a265c8a5a2d3,weapon_t10_smg_lisbon_mastercraft_celmonster.all
435ea994f0b8216f,weapon_t10_smg_lisbon_mastercraft_lightgod.all
dead6848add114e,weapon_t10_smg_mpug40_mastercraft_braing.all
34a79db02ccb3566,weapon_t10_smg_perth_mastercraft_creature.all
41f0719692649bd6,weapon_t10_smg_pparis90_mastercraft_cucumber.all
7ea85f6abbb42949,weapon_t10_smg_pparis90_mastercraft_hades.all
49e271b870d45d5f,weapon_t10_smg_roger31_mastercraft_s6blk.all
5ffdecb912864f75,weapon_t10_smg_safox_mastercraft_printer.all
54ed88ef1e5ef3e2,weapon_t10_smg_saug_mastercraft_bandit.all
3b747298e7f1bfd9,weapon_t10_smg_saug_mastercraft_forge.all
397356c5b46315c8,weapon_t10_smg_schuck_mastercraft_necro.all
6dbe56ab0c229eb,weapon_t10_smg_schuck_mastercraft_s4blk.all
22fccbef9abd3c51,weapon_t10_smg_sroger3_mastercraft_bong.all
3426da7948d371e8,weapon_t10_sn_hugo_mastercraft_voyage.all
5e8e09ebf563821e,weapon_t10_sn_ultiger_mastercraft_vault.all
52d48348cc1e184d,weapon_t10_zm_dg2_mastercraft_combo.all
4978ff50638f1a11,eqp_rock.all
60975938bea75e3e,eqp_throwing_knife.all
37b72b8b7c425a72,weapon_sat_zm_necrofluid_gauntlet_plr.all
7a23e8f69f62d9c3,weapon_sat_zm_necrofluid_gauntlet_npc.all
6c4b58d23291d5ff,weapon_sat_ar_ubgl_npc.all
6f32e4d80df4f60e,weapon_sat_ar_ubgl_plr.all
7e94dbc12dac9edf,zm_eqp_mutant_injection_disc.all
457d855a34892fae,weapon_t10_zm_dark_flare_plr.all
2c32c6666761899f,weapon_t10_zm_dark_flare_npc.all
38eb552a842a4b4d,weapon_sat_me_shock_baton_mastercraft_vault.all
160c26c397023b3a,weapon_sat_ar_condor_mastercraft_vault.all
621ad2ae926416e1,weapon_sat_sh_corso_mastercraft_vault.all
776751f8d978d4a4,weapon_sat_sm_zebra_mastercraft_vault.all
26280fdf37b07674,weapon_sat_sn_drake_mastercraft_vault.all
5fb5533474f3edcb,zm_perkmachine_wunderfizz.all
4d9df129da920861,zm_sat_mystery_box.all
21a8aee3803a8e98,zm_trap_sawblade.all
5945811fa8d57b7f,zm_machine_gobblegum.all
6270a3087704ea8c,zm_perkmachine_mulekick.all
72fa8573a92217a8,weapon_sat_ar_macaw_npc.all
a968563a9dbb5cf,weapon_sat_ar_macaw_npc_sup.all
f37fdb6fd0c4085,weapon_sat_ar_macaw_plr.all
14f05304fe94d5f2,weapon_sat_ar_macaw_plr_sup.all
24495657c987593e,weapon_sat_lm_typhon_npc_sup.all
3503a22b84f1d863,weapon_sat_lm_typhon_plr_sup.all
6daf1f52601c0923,weapon_sat_sm_hyena_npc.all
6ea177489bf04720,weapon_sat_sm_hyena_npc_sup.all
2898661257d9d252,weapon_sat_sm_hyena_plr.all
47e28a2bcc170cf1,weapon_sat_sm_hyena_plr_sup.all
7ffa10b331f54c25,merged_global.all
52bf469240952f7e,merged_global.english
35bd02eb9c8f50c6,merged_global_stream_mp.all
557c66c5d0bc5341,merged_global_stream_mp.english
26993bac70f77f37,merged_ingame_zm.all
1fc32c3b31276284,merged_ingame_zm.english
1104b389b30f1227,merged_ingame_shared_mp.all 
3c36d84558beb214,merged_ingame_shared_mp.english
28f3958621969c4b,merged_frontend_ui.all
20cc19533dbc7e38,merged_frontend_ui.english
7ef9a6880053a958,merged_code_post_gfx.all
2945b93cd90cc31f,merged_code_post_gfx.english
55af7122f2252b17,merged_ingame_ob.all
6f794fe6da135764,merged_ingame_ob.english
2bc1e834fc90a8fa,merged_ingame_br.all
202e2d584b7212f5,merged_ingame_br.english
4548d6f18ac9b6ad,weapon_sat_ar_falcon_mastercraft_kingdeath.all
2263ef970b3e437b,weapon_sat_ar_macaw_mastercraft_mecheagle.all
502a50a275b56f,weapon_sat_ar_vulture_mastercraft_btrap.all
6e0171c49a96fdf2,weapon_sat_dm_scotia_mastercraft_diytech.all
567c8905dc15b7ec,weapon_sat_sm_puma_mastercraft_s1blk.all
31e6c42e8194a449,weapon_sat_sm_zebra_mastercraft_puzzlebox.all
519ae8baf65524e3,weapon_sat_ww_raygun_mastercraft_zsnow.all
283d1ffd7a5892b3,weapon_sat_zm_ww_ruby_plr.all
6abf29b2ff7e9ae2,weapon_sat_zm_ww_ruby_npc.all
1f33d4e0bf9b3250,mp_saba.all
7ae04c8aa603aad7,mp_saba.english
501e43d5e1e2a1,veh9_mil_air_heli_palfa.all
732f6744c32b28de,veh_sat_mil_vtol_ob.all
1c2c77c5c6042f39,veh_sat_mil_vtol_ob_gunship.all
178c085067355dcf,ks_deathmachine_npc.all
6b1504bc4316277e,ks_deathmachine_plr.all
6b94af9c5fac9257,weapon_sat_me_ballistic_knife.all
179555fb0bf64bd9,weapon_sat_sm_bengal_npc.all
4feb9cd5b9e66b6,weapon_sat_sm_bengal_npc_sup.all
515ae98271738374,weapon_sat_sm_bengal_plr.all
4417d626116608db,weapon_sat_sm_bengal_plr_sup.all
60fea0fe3cbf8f73,weapon_sat_sn_aden_npc.all
390d5f71d1e6b530,weapon_sat_sn_aden_npc_sup.all
710935eca31c81c2,weapon_sat_sn_aden_plr.all
425e80f6284ab21,weapon_sat_sn_aden_plr_sup.all
5f2b8e43812b8f9c,weapon_sat_ar_egret_npc.all
554fa4be08e4373,weapon_sat_ar_egret_npc_sup.all
394c379120a8f799,weapon_sat_ar_egret_plr.all
26ee4c67f66d2976,weapon_sat_ar_egret_plr_sup.all
1de04c1a987ba8c1,weapon_sat_me_saiph.all
5ebef0627d9a3731,weapon_sat_sh_shepherd_plr.all
57d5d087a74b5634,weapon_sat_sh_shepherd_npc.all
7aeecdf2e580ce7e,weapon_sat_sh_shepherd_plr_sup.all
406c5e917e7219b,weapon_sat_sh_shepherd_npc_sup.all
2312f7775e1e19d7,weapon_sat_sm_gecko_npc.all
653de3871479e546,weapon_sat_sm_gecko_plr.all
68e213d0af817d54,weapon_sat_sm_gecko_npc_sup.all
2d60df715e7dce55,weapon_sat_sm_gecko_plr_sup.all
cc28a05aee0fb21,weapon_sat_sl_nembus_npc.all
6a551b7068e5c9dc,weapon_sat_sl_nembus_plr.all
12d5599e6bf7cfd0,zm_ai_zombie_toxic.all
68bc9173204ffe35,weapon_sat_ar_heron_npc.all
5411ef6a9ca620a2,weapon_sat_ar_heron_npc_sup.all
734fab56825f7670,weapon_sat_ar_heron_plr.all
58c703249e876887,weapon_sat_ar_heron_plr_sup.all
77e0cf63600ef3d4,weapon_sat_dm_solomon_npc.all
8fedfbd98f3f97b,weapon_sat_dm_solomon_npc_sup.all
7ecaef3e365f87d1,weapon_sat_dm_solomon_plr.all
3d597b6b560bede,weapon_sat_dm_solomon_plr_sup.all
10d4fe609b23e94f,weapon_sat_zm_ww_mantis_plr.all
26f0a1db90fcfdfe,weapon_sat_zm_ww_mantis_npc.all
7ab8fc10e2a0eabd,weapon_sat_sh_husky_gl_npc.all
13c20f6106bd21da,weapon_sat_sh_husky_gl_npc_sup.all
5d1cb2aa2d082378,weapon_sat_sh_husky_gl_plr.all
22618c361647659f,weapon_sat_sh_husky_gl_plr_sup.all